Crash Id,Calendar Year,FDOT Crash Number,Reporting Agency Case Number,Reporting Agency Type,FDOT Managing District,County Name,Crash Date,Crash Time,Day,DHSMV City,Crash Report City Code,In Town,On Roadway Name,Int Roadway Name,Reference Distance (Miles),Reference Direction,Officer Latitude,Officer Longitude,FDOT Latitude,FDOT Longitude,FDOT Roadway,Nearest Inventory MP,Nearest Node From Crash,State Road #,US Highway,Crash Side of Road,Accident Lane Number,Travel Direction Vehicle 1,FDOT Road Category,DHSMV Road System Id,Relation to Junction,Crash Harmful Event Location,Intersection Type,Shoulder Type,FDOT Roadway SKID Test Result,FDOT Roadway SKID Test Date,Functional Class,RCI Surface Width,RCI Shoulder Type First,RCI Shoulder Width First,RCI Shoulder Type Second,RCI Shoulder Width Second,RCI Shoulder Type Third,RCI Shoulder Width Third,RCI Median Width,Avg Daily Traffic,AADT Source,RCI Avg Per Truck Traffic,RCI Horiz Curve Condition,Posted Speed Limit,Highest Injury in Crash,CAR Status Code,Alcohols/Drug Involved,Site Location,Lighting,Weather,Road Surface,Roadway Grade,Roadway Alignment,Traffic Way Vehicle 1,Traffic Way Vehicle 2,Traffic Control Vehicle 1,Traffic Control Vehicle 2,Count of Lanes,Road Condition 1,Road Condition 2,Road Condition 3,Environment Condition 1,Environment Condition 2,Environment Condition 3,Crash Harmful Event,Manner of Collision,Vehicle Movement,Driver Action Vehicle 1,Driver Action Vehicle 2,Location Within Workzone,Type of Workzone,Workers Present in Workzone,Law Enforcement Present in Workzone,School Bus Related,Count of Nonfatal Injuries,Count of Traffic Fatalities,Count of Serious Injuries,Count of Pedestrians,Count of Drivers,Count of Bicyclists,Count of Vehicles,Count of Persons,Wrong Way,Workzone Inv,Commercial Vehicle Inv,Intersection Inv,Lane Departure,Speeding,Agressive Driving,Impaired Driver,Impaired Pedestrian,Impaired Bicyclist,Distracted Driver,Speeding or Aggressive Driving,Pedestrian Related,Bicyclist Related,Pedestrian or Bicyclist Related,Motorcycle Inv,No Belt,No Belt - Ages 1-4,No Belt - Ages 5-12,No Belt - Ages 13-17,Driver - Ages Teen,Driver - Ages 65 plus,Driver - Ages 65-69,Driver - Ages 70-74,Driver - Ages 75-79,Driver - Ages 80 plus,ARBM Latitude,ARBM Longitude,UTM Zone 17N X,UTM Zone 17N Y,ARBM Side of Road,Urban Rural Indicator,GIS Street Source,Extract Date,OBJECTID,x,y
2015857677910,2015,857677910,20150004866,COUNTY SHERIFF'S OFFICE,04 FOURTH,PALM BEACH,"March 20, 2015",1438,SATURDAY,9394 WEST PALM BEACH,0694,Y,BELVEDERE RD,AUSTRALIAN AVE,0,E,0,0,26.690804,-80.074842,93503500,2.395,,,,I INTERSECTION,M MIDDLE,N NORTH,,04 COUNTY,02 INTERSECTION,01 ON ROADWAY,02 FOUR-WAY INTERSECTION,03 CURB,0,"December 31, 2000",,,,0,,0,,0,,,RCI,0,,,4 INCAPACITATING INJURY,33 Q/C VERIFIED AS OFF-SYSTEM,0 NO,02 AT INTERSECTION,01 DAYLIGHT,01 CLEAR,01 DRY,01 LEVEL,1 STRAIGHT,"TWO-WAY, DIVIDED, POSITIVE MED","TWO-WAY, DIVIDED, POSITIVE MED",TRAFFIC CONTROL SIGNAL,TRAFFIC CONTROL SIGNAL,,NONE,NOT CODED,NOT CODED,NONE,NOT CODED,NOT CODED,14 MOTOR VEHICLE IN TRANSPORT,03 ANGLE,05 TURNING RIGHT,OPERATED MV IN CARLESS OR NEGL,NO CONTRIBUTING ACTION,00 NOT CODED,00 NOT CODED,00 NOT CODED,00 NOT CODED,01 NO,2,0,2,0,2,0,2,6,N,N,N,Y,N,N,N,N,N,N,N,N,N,N,N,Y,N,N,N,N,N,Y,N,Y,N,N,26.69080508,-80.07483733,592042.3019,2952523.6164,R,U,ARBM15Q1R2,"February 27, 2022",875870,-8913890.414206348,3084895.3678434524
2015857677930,2015,857677930,20150004883,COUNTY SHERIFF'S OFFICE,04 FOURTH,PALM BEACH,"March 20, 2015",2109,SATURDAY,9394 WEST PALM BEACH,0694,Y,N AUSTRALIAN AVE,25TH ST,0.25,S,0,0,26.733,-80.066384,93025501,0.572,,,,R RIGHT,2 THRU LANE 2,N NORTH,,04 COUNTY,01 NON-JUNCTION,01 ON ROADWAY,01 NOT AT INTERSECTION,01 PAVED,0,"December 31, 2000",,,,0,,0,,0,,,RCI,0,,,2 POSSIBLE INJURY,33 Q/C VERIFIED AS OFF-SYSTEM,0 NO,01 NOT AT INTERSECTION/RRX/BRIDGE,04 DARK-LIGHTED,01 CLEAR,01 DRY,01 LEVEL,1 STRAIGHT,"TWO-WAY, DIVIDED, POSITIVE MED","TWO-WAY, DIVIDED, POSITIVE MED",NO CONTROLS,NO CONTROLS,,NONE,NOT CODED,NOT CODED,NONE,NOT CODED,NOT CODED,14 MOTOR VEHICLE IN TRANSPORT,01 FRONT TO REAR,01 STRAIGHT AHEAD,FOLLOWED TOO CLOSELY,NO CONTRIBUTING ACTION,00 NOT CODED,00 NOT CODED,00 NOT CODED,00 NOT CODED,01 NO,2,0,0,0,2,0,2,5,N,N,N,N,N,N,N,N,N,N,N,N,N,N,N,N,Y,N,N,N,N,N,N,N,N,N,26.732999281,-80.066385936,592848.921337,2957203.321286,R,U,ARBM15Q1R2,"February 27, 2022",875871,-8912949.609250909,3090153.572381916
2015857677990,2015,857677990,20150004913,COUNTY SHERIFF'S OFFICE,04 FOURTH,PALM BEACH,"March 21, 2015",1644,SUNDAY,9394 WEST PALM BEACH,0694,Y,BANYAN BLVD,N TAMARIND AVE,0.019,W,0,0,26.714644,-80.062263,93000132,0.237,,,,L LEFT,1 THRU LANE 1,W WEST,,05 LOCAL,01 NON-JUNCTION,01 ON ROADWAY,01 NOT AT INTERSECTION,01 PAVED,0,"December 31, 2000",,,,0,,0,,0,,,RCI,0,,,0 UNKNOWN/NOT CODED,33 Q/C VERIFIED AS OFF-SYSTEM,0 NO,01 NOT AT INTERSECTION/RRX/BRIDGE,01 DAYLIGHT,01 CLEAR,01 DRY,01 LEVEL,1 STRAIGHT,"TWO-WAY, NOT DIV, W/CONT LTURN","TWO-WAY, NOT DIV, W/CONT LTURN",NO CONTROLS,NO CONTROLS,,NONE,NOT CODED,NOT CODED,NONE,NOT CODED,NOT CODED,14 MOTOR VEHICLE IN TRANSPORT,01 FRONT TO REAR,01 STRAIGHT AHEAD,NOT CODED,NOT CODED,00 NOT CODED,00 NOT CODED,00 NOT CODED,00 NOT CODED,01 NO,0,0,0,0,0,0,2,0,N,N,Y,N,N,N,N,N,N,N,N,N,N,N,N,N,N,N,N,N,N,N,N,N,N,N,26.714637266,-80.062263398,593273.904358,2955172.487569,C,U,ARBM15Q1R2,"February 27, 2022",875872,-8912490.690099085,3087865.074695166
2015857682900,2015,857682900,20150006593,COUNTY SHERIFF'S OFFICE,04 FOURTH,PALM BEACH,"April 16, 2015",1751,FRIDAY,9394 WEST PALM BEACH,0694,Y,SPENCER DR,PALM BEACH LAKES BLVD,0.009,S,0,0,26.711419,-80.095688,93575000,0.39,,,,R RIGHT,R RIGHT TURN,E EAST,,05 LOCAL,01 NON-JUNCTION,01 ON ROADWAY,01 NOT AT INTERSECTION,03 CURB,0,"December 31, 2000",,,,0,,0,,0,,,RCI,0,,,1 NO INJURY,33 Q/C VERIFIED AS OFF-SYSTEM,0 NO,01 NOT AT INTERSECTION/RRX/BRIDGE,01 DAYLIGHT,03 RAIN,02 WET,01 LEVEL,1 STRAIGHT,"TWO-WAY, NOT DIVIDED","TWO-WAY, NOT DIVIDED",NO CONTROLS,NO CONTROLS,,NONE,NOT CODED,NOT CODED,WEATHER CONDITIONS,NOT CODED,NOT CODED,14 MOTOR VEHICLE IN TRANSPORT,77 OTHER (SEE NARRATIVE),03 TURNING LEFT,FAILED TO YIELD RIGHT-OF-WAY,NO CONTRIBUTING ACTION,00 NOT CODED,00 NOT CODED,00 NOT CODED,00 NOT CODED,01 NO,0,0,0,0,2,0,2,2,N,N,N,N,N,N,N,N,N,N,N,N,N,N,N,N,N,N,N,N,N,N,N,N,N,N,26.711418398,-80.095688544,589951.564305,2954791.927131,C,U,ARBM15Q1R2,"February 27, 2022",875893,-8916211.561503133,3087463.93807089
2015857676150,2015,857676150,20150004276,COUNTY SHERIFF'S OFFICE,04 FOURTH,PALM BEACH,"March 11, 2015",0820,THURSDAY,9394 WEST PALM BEACH,0694,Y,OKEECHOBEE BLVD,BAYWINDS BLVD,0,,0,0,26.7089518,-80.1896223,93280000,0.689,03734,SR 704,,R RIGHT,1 THRU LANE 1,W WEST,33 SUBURBAN 6+LN 2WY DIVD RASD,03 STATE,02 INTERSECTION,01 ON ROADWAY,02 FOUR-WAY INTERSECTION,02 UNPAVED,41,"June 2, 2014",14 URBAN PRIN ART OTHER,48,PAVED,5,LAWN,12,,0,23,52000,RCI,7.2,,50,3 NO-INCAPACITATING INJURY,31 Q/C COMPLETED - LOC VERIFIED,0 NO,02 AT INTERSECTION,01 DAYLIGHT,01 CLEAR,01 DRY,02 HILLCREST,1 STRAIGHT,"TWO-WAY, DIVIDED, POSITIVE MED","TWO-WAY, DIVIDED, POSITIVE MED",TRAFFIC CONTROL SIGNAL,TRAFFIC CONTROL SIGNAL,8,NONE,NOT CODED,NOT CODED,NONE,NOT CODED,NOT CODED,14 MOTOR VEHICLE IN TRANSPORT,03 ANGLE,01 STRAIGHT AHEAD,RAN RED LIGHT,NO CONTRIBUTING ACTION,00 NOT CODED,00 NOT CODED,00 NOT CODED,00 NOT CODED,01 NO,3,0,0,0,2,0,2,3,N,N,N,Y,N,N,N,N,N,N,N,N,N,N,N,N,N,N,N,N,N,N,N,N,N,N,26.708905334,-80.189847022,580587.024111,2954450.582108,R,,ARBM15Q1R2,"February 27, 2022",875894,-8926693.238409858,3087150.7667238894
2015857676160,2015,857676160,20150004282,COUNTY SHERIFF'S OFFICE,04 FOURTH,PALM BEACH,"March 11, 2015",1133,THURSDAY,9394 WEST PALM BEACH,0694,Y,OKEECHOBEE BLVD,CHURCH ST,0.009,W,0,0,26.7062091,-80.0820758,93280000,7.333,01746,SR 704,,R RIGHT,L LEFT TURN,E EAST,30 URBAN 6+LN 2WY DIVD RASD,03 STATE,01 NON-JUNCTION,01 ON ROADWAY,01 NOT AT INTERSECTION,03 CURB,31,"June 2, 2014",14 URBAN PRIN ART OTHER,44,PAVED,3,CURB&GUTTER,2,,0,18,44500,RCI,5.9,,45,1 NO INJURY,31 Q/C COMPLETED - LOC VERIFIED,0 NO,03 INFLUENCED BY INTERSECTION,01 DAYLIGHT,02 CLOUDY,01 DRY,01 LEVEL,1 STRAIGHT,"TWO-WAY, DIVIDED, POSITIVE MED","TWO-WAY, DIVIDED, POSITIVE MED",NO CONTROLS,NO CONTROLS,8,NONE,NOT CODED,NOT CODED,NONE,NOT CODED,NOT CODED,14 MOTOR VEHICLE IN TRANSPORT,77 OTHER (SEE NARRATIVE),88 UNKNOWN,OTHER CONTRIBUTING ACTION,OTHER CONTRIBUTING ACTION,00 NOT CODED,00 NOT CODED,00 NOT CODED,00 NOT CODED,01 NO,0,0,0,0,2,0,2,2,N,N,Y,Y,N,N,N,N,N,N,N,N,N,N,N,N,N,N,N,N,N,Y,Y,N,N,N,26.706171306,-80.082138392,591303.647119,2954220.377666,R,,ARBM15Q1R2,"February 27, 2022",875895,-8914703.165082822,3086810.06794921
2015857676170,2015,857676170,20150004286,COUNTY SHERIFF'S OFFICE,04 FOURTH,PALM BEACH,"March 11, 2015",1238,THURSDAY,9394 WEST PALM BEACH,0694,Y,NORTHPOINT PKWY,NORTHPOINT BLVD,0.254,E,0,0,26.762911,-80.094651,93A31993,0.505,,,,L LEFT,1 THRU LANE 1,W WEST,,05 LOCAL,01 NON-JUNCTION,01 ON ROADWAY,03 T-INTERSECTION,03 CURB,0,"December 31, 2000",,,,0,,0,,0,,,RCI,0,,,2 POSSIBLE INJURY,33 Q/C VERIFIED AS OFF-SYSTEM,0 NO,01 NOT AT INTERSECTION/RRX/BRIDGE,01 DAYLIGHT,01 CLEAR,01 DRY,01 LEVEL,1 STRAIGHT,"TWO-WAY, NOT DIVIDED","TWO-WAY, DIVIDED, UNPROTECTED",STOP SIGN,NO CONTROLS,,NONE,NOT CODED,NOT CODED,NONE,NOT CODED,NOT CODED,14 MOTOR VEHICLE IN TRANSPORT,03 ANGLE,03 TURNING LEFT,FAILED TO YIELD RIGHT-OF-WAY,NO CONTRIBUTING ACTION,00 NOT CODED,00 NOT CODED,00 NOT CODED,00 NOT CODED,01 NO,1,0,0,0,2,0,2,4,N,N,N,N,N,N,N,N,N,N,N,N,N,N,N,N,N,N,N,N,N,N,N,N,N,N,26.762912015,-80.094649019,590014.42028,2960496.267701,C,U,ARBM15Q1R2,"February 27, 2022",875896,-8916095.84222906,3093882.4524828047
2015857679530,2015,857679530,20150005426,COUNTY SHERIFF'S OFFICE,04 FOURTH,PALM BEACH,"March 29, 2015",2305,MONDAY,9394 WEST PALM BEACH,0694,Y,BELVEDERE RD,,0.001,W,0,0,26.69081,-80.075039,93503500,2.382,,,,R RIGHT,1 THRU LANE 1,0,,03 STATE,01 NON-JUNCTION,01 ON ROADWAY,02 FOUR-WAY INTERSECTION,01 PAVED,0,"December 31, 2000",,,,0,,0,,0,,,RCI,0,,,1 NO INJURY,33 Q/C VERIFIED AS OFF-SYSTEM,0 NO,01 NOT AT INTERSECTION/RRX/BRIDGE,04 DARK-LIGHTED,01 CLEAR,01 DRY,00 NOT CODED,0 NOT CODED,NOT CODED,"TWO-WAY, NOT DIVIDED",NOT CODED,NO CONTROLS,,NONE,NOT CODED,NOT CODED,NONE,NOT CODED,NOT CODED,14 MOTOR VEHICLE IN TRANSPORT,01 FRONT TO REAR,00 NOT CODED,NOT CODED,NO CONTRIBUTING ACTION,00 NOT CODED,00 NOT CODED,00 NOT CODED,00 NOT CODED,01 NO,0,0,0,0,1,0,2,1,N,N,N,N,N,N,N,N,N,N,N,N,N,N,N,N,N,N,N,N,N,N,N,N,N,N,26.690805494,-80.075039195,592022.217426,2952523.516588,R,U,ARBM15Q1R2,"February 27, 2022",875897,-8913912.885761669,3084895.4194363058
2015857679540,2015,857679540,20150005428,COUNTY SHERIFF'S OFFICE,04 FOURTH,PALM BEACH,"March 29, 2015",2311,MONDAY,9394 WEST PALM BEACH,0694,Y,BELVEDERE RD,GEORGIA AVE,0.002,W,0,0,26.690418,-80.058489,93503501,0.701,,,,R RIGHT,1 THRU LANE 1,0,,04 COUNTY,01 NON-JUNCTION,01 ON ROADWAY,02 FOUR-WAY INTERSECTION,03 CURB,0,"December 31, 2000",,,,0,,0,,0,,,RCI,0,,,1 NO INJURY,33 Q/C VERIFIED AS OFF-SYSTEM,0 NO,01 NOT AT INTERSECTION/RRX/BRIDGE,04 DARK-LIGHTED,01 CLEAR,01 DRY,00 NOT CODED,0 NOT CODED,NOT CODED,"TWO-WAY, NOT DIVIDED",NOT CODED,TRAFFIC CONTROL SIGNAL,,NONE,NOT CODED,NOT CODED,NONE,NOT CODED,NOT CODED,14 MOTOR VEHICLE IN TRANSPORT,01 FRONT TO REAR,00 NOT CODED,NOT CODED,NO CONTRIBUTING ACTION,00 NOT CODED,00 NOT CODED,00 NOT CODED,00 NOT CODED,01 NO,0,0,0,0,1,0,2,2,N,N,N,N,N,N,N,N,N,N,N,N,N,N,N,N,N,N,N,N,N,N,N,N,N,N,26.690416013,-80.058489072,593669.157637,2952492.424511,C,U,ARBM15Q1R2,"February 27, 2022",875898,-8912070.534035135,3084846.8918171385
2015857679550,2015,857679550,20150005432,COUNTY SHERIFF'S OFFICE,04 FOURTH,PALM BEACH,"March 30, 2015",0646,TUESDAY,9394 WEST PALM BEACH,0694,Y,S AUSTRALIAN AVE,CLEARWATER PL,0,E,0,0,26.709911,-80.064118,93025500,0.176,,,,I INTERSECTION,M MIDDLE,E EAST,,04 COUNTY,02 INTERSECTION,01 ON ROADWAY,02 FOUR-WAY INTERSECTION,03 CURB,0,"December 31, 2000",,,,0,,0,,0,,,RCI,0,,,1 NO INJURY,33 Q/C VERIFIED AS OFF-SYSTEM,0 NO,02 AT INTERSECTION,03 DAWN,01 CLEAR,01 DRY,01 LEVEL,1 STRAIGHT,"TWO-WAY, DIVIDED, POSITIVE MED","TWO-WAY, DIVIDED, POSITIVE MED",TRAFFIC CONTROL SIGNAL,TRAFFIC CONTROL SIGNAL,,NONE,NOT CODED,NOT CODED,NONE,NOT CODED,NOT CODED,14 MOTOR VEHICLE IN TRANSPORT,03 ANGLE,03 TURNING LEFT,FAILED TO YIELD RIGHT-OF-WAY,NO CONTRIBUTING ACTION,00 NOT CODED,00 NOT CODED,00 NOT CODED,00 NOT CODED,01 NO,0,0,0,0,2,0,2,2,N,N,N,Y,N,N,N,N,N,N,N,N,N,N,N,N,N,N,N,N,N,N,N,N,N,N,26.709915074,-80.064117332,593093.3299,2954648.0851,R,U,ARBM15Q1R2,"February 27, 2022",875899,-8912697.069190362,3087276.597244549
2015857679600,2015,857679600,20150005458,COUNTY SHERIFF'S OFFICE,04 FOURTH,PALM BEACH,"March 30, 2015",1249,TUESDAY,9394 WEST PALM BEACH,0694,Y,DIXIE HWY S,WINTERS ST,0.009,N,0,0,26.6544132,-80.0560214,93050000,4.365,00097,SR 805,US 1,L LEFT,1 THRU LANE 1,S SOUTH,21 URBAN 4-5LN 2WY DIVD PAVD,03 STATE,01 NON-JUNCTION,01 ON ROADWAY,02 FOUR-WAY INTERSECTION,03 CURB,34,"June 3, 2014",16 URBAN MINOR ART,24,CURB&GUTTER,2,,0,,0,12,23000,RCI,3.8,,35,3 NO-INCAPACITATING INJURY,31 Q/C COMPLETED - LOC VERIFIED,0 NO,03 INFLUENCED BY INTERSECTION,01 DAYLIGHT,01 CLEAR,01 DRY,01 LEVEL,1 STRAIGHT,"TWO-WAY, NOT DIVIDED","TWO-WAY, NOT DIVIDED",NO CONTROLS,NO CONTROLS,4,NONE,NOT CODED,NOT CODED,NONE,NOT CODED,NOT CODED,14 MOTOR VEHICLE IN TRANSPORT,01 FRONT TO REAR,01 STRAIGHT AHEAD,OPERATED MV IN CARLESS OR NEGL,NO CONTRIBUTING ACTION,00 NOT CODED,00 NOT CODED,00 NOT CODED,00 NOT CODED,01 NO,1,0,0,0,3,0,3,4,N,N,N,Y,N,N,N,N,N,N,N,N,N,N,N,N,N,N,N,N,N,N,N,N,N,N,26.654376378,-80.056034325,593942.913962,2948502.367755,C,,ARBM15Q1R2,"February 27, 2022",875900,-8911797.272505635,3080357.220839202
2015857680940,2015,857680940,20150005886,COUNTY SHERIFF'S OFFICE,04 FOURTH,PALM BEACH,"April 5, 2015",2358,MONDAY,9394 WEST PALM BEACH,0694,Y,38TH ST,BROADWAY,0.009,W,0,0,26.7476938,-80.056486,93020000,11.058,00762,SR 5,US 1,T SIDE RD LEFT,1 THRU LANE 1,0,20 URBAN 4-5LN 2WY DIVD RASD,05 LOCAL,01 NON-JUNCTION,01 ON ROADWAY,01 NOT AT INTERSECTION,01 PAVED,41,"June 23, 2013",16 URBAN MINOR ART,22,CURB&GUTTER,2,,0,,0,16,20500,RCI,2.9,,35,0 UNKNOWN/NOT CODED,31 Q/C COMPLETED - LOC VERIFIED,0 NO,04 DRIVEWAY ACCESS,05 DARK-NOT LIGHTED,01 CLEAR,01 DRY,01 LEVEL,1 STRAIGHT,NOT CODED,"TWO-WAY, NOT DIVIDED",NO CONTROLS,NO CONTROLS,4,NONE,NOT CODED,NOT CODED,NONE,NOT CODED,NOT CODED,14 MOTOR VEHICLE IN TRANSPORT,02 FRONT TO FRONT,01 STRAIGHT AHEAD,NOT CODED,NOT CODED,00 NOT CODED,00 NOT CODED,00 NOT CODED,00 NOT CODED,01 NO,0,0,0,0,0,0,3,0,N,N,N,N,Y,N,N,N,N,N,N,N,N,N,N,N,N,N,N,N,N,N,N,N,N,N,26.747660481,-80.056499573,593820.15032,2958834.50233,C,,ARBM15Q1R2,"February 27, 2022",875927,-8911849.064058406,3091981.0947113256
2015857671540,2015,857671540,20150002687,COUNTY SHERIFF'S OFFICE,04 FOURTH,PALM BEACH,"February 14, 2015",1956,SUNDAY,9394 WEST PALM BEACH,0694,Y,OKEECHOBEE BLVD,I 95,0,,0,0,26.706087,-80.0778513,93280000,7.594,01752,SR 704,,L LEFT,1 THRU LANE 1,W WEST,30 URBAN 6+LN 2WY DIVD RASD,05 LOCAL,02 INTERSECTION,01 ON ROADWAY,03 T-INTERSECTION,03 CURB,32,"June 2, 2014",14 URBAN PRIN ART OTHER,44,PAVED,4,CURB&GUTTER,2,,0,18,63000,RCI,10.8,,45,1 NO INJURY,31 Q/C COMPLETED - LOC VERIFIED,0 NO,02 AT INTERSECTION,04 DARK-LIGHTED,01 CLEAR,01 DRY,04 DOWNHILL,1 STRAIGHT,"TWO-WAY, DIVIDED, POSITIVE MED","TWO-WAY, DIVIDED, POSITIVE MED",NOT CODED,NO CONTROLS,8,NONE,NOT CODED,NOT CODED,NONE,NOT CODED,NOT CODED,14 MOTOR VEHICLE IN TRANSPORT,03 ANGLE,01 STRAIGHT AHEAD,NOT CODED,NO CONTRIBUTING ACTION,00 NOT CODED,00 NOT CODED,00 NOT CODED,00 NOT CODED,01 NO,0,0,0,0,1,0,2,1,N,N,N,Y,N,N,N,N,N,N,N,N,N,N,N,N,N,N,N,N,N,N,N,N,N,N,26.706235075,-80.077618723,591753.210249,2954230.686253,L,,ARBM15Q1R2,"February 27, 2022",875970,-8914200.037675759,3086818.0145033067
2015857681610,2015,857681610,20150006101,COUNTY SHERIFF'S OFFICE,04 FOURTH,PALM BEACH,"April 9, 2015",0257,FRIDAY,9394 WEST PALM BEACH,0694,Y,S TAMARIND AVE,DATURA ST,0.005,S,0,0,26.712476,-80.06197,93027501,1.521,,,,M MEDIAN,M MIDDLE,S SOUTH,,05 LOCAL,01 NON-JUNCTION,01 ON ROADWAY,01 NOT AT INTERSECTION,03 CURB,0,"December 31, 2000",,,,0,,0,,0,,,RCI,0,,,1 NO INJURY,33 Q/C VERIFIED AS OFF-SYSTEM,1 ALC,01 NOT AT INTERSECTION/RRX/BRIDGE,04 DARK-LIGHTED,01 CLEAR,01 DRY,01 LEVEL,1 STRAIGHT,"TWO-WAY, DIVIDED, POSITIVE MED",,OTHER (SEE NARRATIVE),NOT CODED,,NONE,NOT CODED,NOT CODED,NONE,NOT CODED,NOT CODED,24 CURB,77 OTHER (SEE NARRATIVE),01 STRAIGHT AHEAD,OPERATED MV IN CARLESS OR NEGL,NOT CODED,00 NOT CODED,00 NOT CODED,00 NOT CODED,00 NOT CODED,01 NO,0,0,0,0,1,0,1,1,N,N,N,N,Y,N,N,Y,N,N,Y,N,N,N,N,N,N,N,N,N,N,N,N,N,N,N,26.712475979,-80.061968729,593304.977777,2954933.311263,C,U,ARBM15Q1R2,"February 27, 2022",875971,-8912457.887699459,3087595.7330450313
2015857681620,2015,857681620,20150006168,COUNTY SHERIFF'S OFFICE,04 FOURTH,PALM BEACH,"April 9, 2015",2014,FRIDAY,9394 WEST PALM BEACH,0694,Y,E TAMARIND AVE,25TH ST,0,S,0,0,26.736424,-80.060592,93A10882,0.114,,,,I INTERSECTION,M MIDDLE,E EAST,,05 LOCAL,02 INTERSECTION,01 ON ROADWAY,02 FOUR-WAY INTERSECTION,03 CURB,0,"December 31, 2000",,,,0,,0,,0,,,RCI,0,,,3 NO-INCAPACITATING INJURY,33 Q/C VERIFIED AS OFF-SYSTEM,0 NO,02 AT INTERSECTION,04 DARK-LIGHTED,01 CLEAR,01 DRY,00 NOT CODED,0 NOT CODED,NOT CODED,"TWO-WAY, NOT DIVIDED",NOT CODED,STOP SIGN,,NONE,NOT CODED,NOT CODED,NONE,NOT CODED,NOT CODED,14 MOTOR VEHICLE IN TRANSPORT,02 FRONT TO FRONT,00 NOT CODED,NOT CODED,NOT CODED,00 NOT CODED,00 NOT CODED,00 NOT CODED,00 NOT CODED,01 NO,1,0,0,0,0,0,2,1,N,N,N,Y,N,N,N,N,N,N,N,N,N,N,N,N,N,N,N,N,N,N,N,N,N,N,26.736424629,-80.060587259,593422.838144,2957586.967146,C,U,ARBM15Q1R2,"February 27, 2022",875972,-8912304.103368087,3090580.5217167363
2015857679740,2015,857679740,20150005497,COUNTY SHERIFF'S OFFICE,04 FOURTH,PALM BEACH,"March 30, 2015",1904,TUESDAY,9394 WEST PALM BEACH,0694,Y,BROADWAY,44TH ST,0,,0,0,26.752275,-80.0562102,93020000,11.374,00768,SR 5,US 1,R RIGHT,1 THRU LANE 1,E EAST,21 URBAN 4-5LN 2WY DIVD PAVD,02 U.S.,02 INTERSECTION,01 ON ROADWAY,02 FOUR-WAY INTERSECTION,03 CURB,41,"June 23, 2013",16 URBAN MINOR ART,22,CURB&GUTTER,2,,0,,0,16,20500,RCI,2.9,,35,1 NO INJURY,31 Q/C COMPLETED - LOC VERIFIED,0 NO,02 AT INTERSECTION,01 DAYLIGHT,01 CLEAR,01 DRY,01 LEVEL,1 STRAIGHT,"TWO-WAY, NOT DIVIDED","TWO-WAY, NOT DIVIDED",STOP SIGN,NO CONTROLS,4,NONE,NOT CODED,NOT CODED,NONE,NOT CODED,NOT CODED,14 MOTOR VEHICLE IN TRANSPORT,03 ANGLE,01 STRAIGHT AHEAD,FAILED TO YIELD RIGHT-OF-WAY,NO CONTRIBUTING ACTION,00 NOT CODED,00 NOT CODED,00 NOT CODED,00 NOT CODED,01 NO,0,0,0,0,2,0,2,2,N,N,N,Y,N,N,N,N,N,N,N,N,N,N,N,N,N,N,N,N,Y,N,N,N,N,N,26.752251116,-80.056224965,593843.688188,2959343.183178,C,,ARBM15Q1R2,"February 27, 2022",876033,-8911818.494782304,3092553.3670871397
2015857684360,2015,857684360,20150007068,COUNTY SHERIFF'S OFFICE,04 FOURTH,PALM BEACH,"April 24, 2015",0850,SATURDAY,9394 WEST PALM BEACH,0694,Y,US 1,MURRAY RD,0.047,N,0,0,26.6706153,-80.055101,93050000,5.484,00125,SR 805,US 1,R RIGHT,1 THRU LANE 1,N NORTH,22 URBAN 4-5LN 2WY UNDIVD,05 LOCAL,77 OTHER (SEE NARRATIVE),01 ON ROADWAY,01 NOT AT INTERSECTION,01 PAVED,34,"June 3, 2014",16 URBAN MINOR ART,46,PAVED,7,CURB&GUTTER,2,,0,,17800,RCI,4.1,,35,1 NO INJURY,31 Q/C COMPLETED - LOC VERIFIED,0 NO,03 INFLUENCED BY INTERSECTION,01 DAYLIGHT,01 CLEAR,01 DRY,01 LEVEL,1 STRAIGHT,"TWO-WAY, NOT DIVIDED","TWO-WAY, NOT DIVIDED",NO CONTROLS,NO CONTROLS,4,NONE,NOT CODED,NOT CODED,NONE,NOT CODED,NOT CODED,09 OTHER NON-COLLISION,01 FRONT TO REAR,01 STRAIGHT AHEAD,FOLLOWED TOO CLOSELY,NO CONTRIBUTING ACTION,00 NOT CODED,00 NOT CODED,00 NOT CODED,00 NOT CODED,01 NO,0,0,0,0,2,0,2,5,N,N,N,Y,N,N,N,N,N,N,N,N,N,N,N,N,N,N,N,N,N,N,N,N,N,N,26.670590874,-80.055076897,594024.909497,2950299.038182,C,,ARBM15Q1R2,"February 27, 2022",876085,-8911690.6921905,3082376.981105615
2015857685780,2015,857685780,20150007571,COUNTY SHERIFF'S OFFICE,04 FOURTH,PALM BEACH,"May 2, 2015",0514,SUNDAY,9394 WEST PALM BEACH,0694,Y,SELKIRK ST,PARKER AVE,0.019,E,0,0,26.667511,-80.06319,93A12898,0.226,,,,L LEFT,P PARKING,0,,05 LOCAL,04 DRIVEWAY/ALLEY ACCESS RELATED,01 ON ROADWAY,01 NOT AT INTERSECTION,03 CURB,0,"December 31, 2000",,,,0,,0,,0,,,RCI,0,,,1 NO INJURY,33 Q/C VERIFIED AS OFF-SYSTEM,0 NO,04 DRIVEWAY ACCESS,05 DARK-NOT LIGHTED,01 CLEAR,01 DRY,03 UPHILL,1 STRAIGHT,NOT CODED,"TWO-WAY, NOT DIVIDED",UNKNOWN,NO CONTROLS,,NONE,NONE,NONE,NONE,NONE,NONE,15 PARKED MOTOR VEHICLE,01 FRONT TO REAR,01 STRAIGHT AHEAD,NOT CODED,NO CONTRIBUTING ACTION,00 NOT CODED,00 NOT CODED,00 NOT CODED,00 NOT CODED,01 NO,0,0,0,0,2,0,3,2,N,N,N,N,Y,N,N,N,N,N,N,N,N,N,N,N,N,N,N,N,N,N,N,N,N,N,26.667511512,-80.063189993,593220.072878,2949952.00774,C,U,ARBM15Q1R2,"February 27, 2022",876221,-8912593.838093692,3081993.377884222