Crash Id,Calendar Year,FDOT Crash Number,Reporting Agency Case Number,Reporting Agency Type,FDOT Managing District,County Name,Crash Date,Crash Time,Day,DHSMV City,Crash Report City Code,In Town,On Roadway Name,Int Roadway Name,Reference Distance (Miles),Reference Direction,Officer Latitude,Officer Longitude,FDOT Latitude,FDOT Longitude,FDOT Roadway,Nearest Inventory MP,Nearest Node From Crash,State Road #,US Highway,Crash Side of Road,Accident Lane Number,Travel Direction Vehicle 1,FDOT Road Category,DHSMV Road System Id,Relation to Junction,Crash Harmful Event Location,Intersection Type,Shoulder Type,FDOT Roadway SKID Test Result,FDOT Roadway SKID Test Date,Functional Class,RCI Surface Width,RCI Shoulder Type First,RCI Shoulder Width First,RCI Shoulder Type Second,RCI Shoulder Width Second,RCI Shoulder Type Third,RCI Shoulder Width Third,RCI Median Width,Avg Daily Traffic,AADT Source,RCI Avg Per Truck Traffic,RCI Horiz Curve Condition,Posted Speed Limit,Highest Injury in Crash,CAR Status Code,Alcohols/Drug Involved,Site Location,Lighting,Weather,Road Surface,Roadway Grade,Roadway Alignment,Traffic Way Vehicle 1,Traffic Way Vehicle 2,Traffic Control Vehicle 1,Traffic Control Vehicle 2,Count of Lanes,Road Condition 1,Road Condition 2,Road Condition 3,Environment Condition 1,Environment Condition 2,Environment Condition 3,Crash Harmful Event,Manner of Collision,Vehicle Movement,Driver Action Vehicle 1,Driver Action Vehicle 2,Location Within Workzone,Type of Workzone,Workers Present in Workzone,Law Enforcement Present in Workzone,School Bus Related,Count of Nonfatal Injuries,Count of Traffic Fatalities,Count of Serious Injuries,Count of Pedestrians,Count of Drivers,Count of Bicyclists,Count of Vehicles,Count of Persons,Wrong Way,Workzone Inv,Commercial Vehicle Inv,Intersection Inv,Lane Departure,Speeding,Agressive Driving,Impaired Driver,Impaired Pedestrian,Impaired Bicyclist,Distracted Driver,Speeding or Aggressive Driving,Pedestrian Related,Bicyclist Related,Pedestrian or Bicyclist Related,Motorcycle Inv,No Belt,No Belt - Ages 1-4,No Belt - Ages 5-12,No Belt - Ages 13-17,Driver - Ages Teen,Driver - Ages 65 plus,Driver - Ages 65-69,Driver - Ages 70-74,Driver - Ages 75-79,Driver - Ages 80 plus,ARBM Latitude,ARBM Longitude,UTM Zone 17N X,UTM Zone 17N Y,ARBM Side of Road,Urban Rural Indicator,GIS Street Source,Extract Date,OBJECTID,x,y
2015857677450,2015,857677450,20150004715,COUNTY SHERIFF'S OFFICE,04 FOURTH,PALM BEACH,"March 17, 2015",2138,WEDNESDAY,9394 WEST PALM BEACH,0694,Y,N TAMARIND AVE,15TH ST,0,E,0,0,26.727377,-80.06159,93027502,0.187,,,,I INTERSECTION,M MIDDLE,S SOUTH,,05 LOCAL,01 NON-JUNCTION,01 ON ROADWAY,02 FOUR-WAY INTERSECTION,01 PAVED,0,"December 31, 2000",,,,0,,0,,0,,,RCI,0,,,3 NO-INCAPACITATING INJURY,33 Q/C VERIFIED AS OFF-SYSTEM,0 NO,01 NOT AT INTERSECTION/RRX/BRIDGE,04 DARK-LIGHTED,01 CLEAR,01 DRY,01 LEVEL,1 STRAIGHT,"TWO-WAY, NOT DIVIDED","TWO-WAY, NOT DIVIDED",TRAFFIC CONTROL SIGNAL,NO CONTROLS,,NONE,NOT CODED,NOT CODED,NONE,NOT CODED,NOT CODED,14 MOTOR VEHICLE IN TRANSPORT,03 ANGLE,01 STRAIGHT AHEAD,RAN RED LIGHT,NO CONTRIBUTING ACTION,00 NOT CODED,00 NOT CODED,00 NOT CODED,00 NOT CODED,01 NO,5,0,0,0,2,0,2,5,N,N,N,N,N,N,N,N,N,N,N,N,N,N,N,N,N,N,N,N,N,N,N,N,N,N,26.727376697,-80.06158712,593330.782582,2956584.049685,C,U,ARBM15Q1R2,"February 27, 2022",876906,-8912415.407269415,3089452.7782841297
2015857682330,2015,857682330,20150006449,COUNTY SHERIFF'S OFFICE,04 FOURTH,PALM BEACH,"April 14, 2015",1345,WEDNESDAY,9394 WEST PALM BEACH,0694,Y,PALM BEACH LAKES BLVD,I 95,0,,0,0,26.7169397,-80.0874781,93220000,28.254,01185,SR 9,I 95,T SIDE RD LEFT,2 THRU LANE 2,W WEST,01 INTERSTATE URBAN,05 LOCAL,01 NON-JUNCTION,01 ON ROADWAY,01 NOT AT INTERSECTION,03 CURB,35,"June 2, 2015",11 URBAN PRIN ART INT.,64,PAVED WARN,9,,0,,0,32,214000,RCI,7.4,,65,1 NO INJURY,31 Q/C COMPLETED - LOC VERIFIED,0 NO,06 BRIDGE,01 DAYLIGHT,01 CLEAR,01 DRY,01 LEVEL,1 STRAIGHT,"TWO-WAY, DIVIDED, POSITIVE MED","TWO-WAY, DIVIDED, POSITIVE MED",NO CONTROLS,NO CONTROLS,10,NONE,NOT CODED,NOT CODED,NONE,NOT CODED,NOT CODED,14 MOTOR VEHICLE IN TRANSPORT,"04 SIDESWIPE, SAME DIRECTION",06 CHANGING LANES,FAILED TO KEEP IN PROPER LANE,NO CONTRIBUTING ACTION,00 NOT CODED,00 NOT CODED,00 NOT CODED,00 NOT CODED,01 NO,0,0,0,0,2,0,2,4,N,N,Y,N,Y,N,N,N,N,N,N,N,N,N,N,N,N,N,N,N,N,N,N,N,N,N,26.716748687,-80.08770957,590741.044016,2955387.982992,L,,ARBM15Q1R2,"February 27, 2022",876918,-8915323.345943633,3088128.2068139496
2015857682350,2015,857682350,20150006452,COUNTY SHERIFF'S OFFICE,04 FOURTH,PALM BEACH,"April 14, 2015",1412,WEDNESDAY,9394 WEST PALM BEACH,0694,Y,DIXIE HWY S,PARK PL,0,,0,0,26.697921,-80.0540711,93020001,1.831,00709,SR 5,US 1,L LEFT,1 THRU LANE 1,E EAST,22 URBAN 4-5LN 2WY UNDIVD,02 U.S.,02 INTERSECTION,01 ON ROADWAY,02 FOUR-WAY INTERSECTION,03 CURB,37,"June 2, 2008",16 URBAN MINOR ART,43,CURB&GUTTER,2,CURB&GUTTER,2,,0,,15400,RCI,5.3,,35,2 POSSIBLE INJURY,31 Q/C COMPLETED - LOC VERIFIED,0 NO,02 AT INTERSECTION,01 DAYLIGHT,01 CLEAR,01 DRY,01 LEVEL,1 STRAIGHT,"TWO-WAY, NOT DIVIDED","TWO-WAY, NOT DIVIDED",STOP SIGN,NO CONTROLS,4,NONE,NONE,NONE,NONE,NONE,NONE,14 MOTOR VEHICLE IN TRANSPORT,03 ANGLE,03 TURNING LEFT,FAILED TO YIELD RIGHT-OF-WAY,NO CONTRIBUTING ACTION,00 NOT CODED,00 NOT CODED,00 NOT CODED,00 NOT CODED,01 NO,1,0,0,0,2,0,2,2,N,N,N,Y,N,N,N,N,N,N,N,N,N,N,N,N,N,N,N,N,N,N,N,N,N,N,26.697922542,-80.054056772,594103.975796,2953327.136579,C,,ARBM15Q1R2,"February 27, 2022",876919,-8911577.13239676,3085782.203261498
2015857682360,2015,857682360,20150006455,COUNTY SHERIFF'S OFFICE,04 FOURTH,PALM BEACH,"April 14, 2015",1406,WEDNESDAY,9394 WEST PALM BEACH,0694,Y,DIXIE HWY S,FOREST HILL BLVD,0.009,S,0,0,26.6551526,-80.0559967,93050000,4.416,00098,SR 805,US 1,R RIGHT,L LEFT TURN,0,21 URBAN 4-5LN 2WY DIVD PAVD,02 U.S.,01 NON-JUNCTION,01 ON ROADWAY,01 NOT AT INTERSECTION,03 CURB,34,"June 3, 2014",16 URBAN MINOR ART,24,CURB&GUTTER,2,,0,,0,12,23000,RCI,3.8,,35,1 NO INJURY,31 Q/C COMPLETED - LOC VERIFIED,0 NO,03 INFLUENCED BY INTERSECTION,01 DAYLIGHT,02 CLOUDY,01 DRY,00 NOT CODED,0 NOT CODED,NOT CODED,"TWO-WAY, NOT DIVIDED",NOT CODED,NO CONTROLS,4,NONE,NOT CODED,NOT CODED,NONE,NOT CODED,NOT CODED,14 MOTOR VEHICLE IN TRANSPORT,01 FRONT TO REAR,00 NOT CODED,NOT CODED,NO CONTRIBUTING ACTION,00 NOT CODED,00 NOT CODED,00 NOT CODED,00 NOT CODED,01 NO,0,0,0,0,1,0,2,1,N,N,N,Y,N,N,N,N,N,N,N,N,N,N,N,N,N,N,N,N,N,N,N,N,N,N,26.655115975,-80.056003608,593945.365551,2948584.310228,C,,ARBM15Q1R2,"February 27, 2022",876920,-8911793.85305749,3080449.342500753
2015857685770,2015,857685770,20150007568,COUNTY SHERIFF'S OFFICE,04 FOURTH,PALM BEACH,"May 2, 2015",0305,SUNDAY,9394 WEST PALM BEACH,0694,Y,BELVEDERE RD,,0,E,0,0,26.690711,-80.066193,93503501,0.223,,,,I INTERSECTION,M MIDDLE,E EAST,,04 COUNTY,02 INTERSECTION,01 ON ROADWAY,02 FOUR-WAY INTERSECTION,03 CURB,0,"December 31, 2000",,,,0,,0,,0,,,RCI,0,,,2 POSSIBLE INJURY,33 Q/C VERIFIED AS OFF-SYSTEM,1 ALC,02 AT INTERSECTION,04 DARK-LIGHTED,01 CLEAR,01 DRY,01 LEVEL,1 STRAIGHT,"TWO-WAY, DIVIDED, POSITIVE MED","TWO-WAY, DIVIDED, POSITIVE MED",TRAFFIC CONTROL SIGNAL,TRAFFIC CONTROL SIGNAL,,NONE,NOT CODED,NOT CODED,NONE,NOT CODED,NOT CODED,14 MOTOR VEHICLE IN TRANSPORT,02 FRONT TO FRONT,03 TURNING LEFT,OPERATED MV IN CARLESS OR NEGL,NO CONTRIBUTING ACTION,00 NOT CODED,00 NOT CODED,00 NOT CODED,00 NOT CODED,01 NO,4,0,0,0,2,0,2,4,N,N,N,Y,N,N,N,Y,N,N,N,N,N,N,N,N,N,N,N,N,N,N,N,N,N,N,26.690714909,-80.066192817,592902.443191,2952519.89652,L,U,ARBM15Q1R2,"February 27, 2022",876921,-8912928.111176759,3084884.132967305
2015857679760,2015,857679760,20150005500,COUNTY SHERIFF'S OFFICE,04 FOURTH,PALM BEACH,"March 30, 2015",1939,TUESDAY,9394 WEST PALM BEACH,0694,Y,OKEECHOBEE BLVD,TAMARIND AVE S,0.076,E,0,0,26.7058007,-80.0602166,93280000,8.688,01766,SR 704,,L LEFT,4 THRU LANE 4,W WEST,30 URBAN 6+LN 2WY DIVD RASD,04 COUNTY,01 NON-JUNCTION,01 ON ROADWAY,01 NOT AT INTERSECTION,01 PAVED,36,"June 2, 2014",14 URBAN PRIN ART OTHER,47,CURB&GUTTER,2,,0,,0,90,46000,RCI,5.9,9D0000,35,1 NO INJURY,31 Q/C COMPLETED - LOC VERIFIED,0 NO,01 NOT AT INTERSECTION/RRX/BRIDGE,03 DAWN,01 CLEAR,01 DRY,04 DOWNHILL,1 STRAIGHT,"TWO-WAY, DIVIDED, POSITIVE MED","TWO-WAY, DIVIDED, POSITIVE MED",NO CONTROLS,NO CONTROLS,8,NONE,NOT CODED,NOT CODED,NONE,NOT CODED,NOT CODED,14 MOTOR VEHICLE IN TRANSPORT,01 FRONT TO REAR,01 STRAIGHT AHEAD,OPERATED MV IN CARLESS OR NEGL,NO CONTRIBUTING ACTION,00 NOT CODED,00 NOT CODED,00 NOT CODED,00 NOT CODED,01 NO,0,0,0,0,2,0,2,3,N,N,N,N,N,N,N,N,N,N,Y,N,N,N,N,N,N,N,N,N,N,N,N,N,N,N,26.706135671,-80.059902356,593515.708281,2954232.550523,L,,ARBM15Q1R2,"February 27, 2022",877150,-8912227.860072628,3086805.6274307766
2015857686500,2015,857686500,20150007797,COUNTY SHERIFF'S OFFICE,04 FOURTH,PALM BEACH,"May 5, 2015",1511,WEDNESDAY,9394 WEST PALM BEACH,0694,Y,N ROSEMARY AVE,BANYAN BLVD,0.019,S,0,0,26.71422,-80.057003,93000298,0.569,,,,R RIGHT,P PARKING,S SOUTH,,05 LOCAL,01 NON-JUNCTION,01 ON ROADWAY,01 NOT AT INTERSECTION,01 PAVED,0,"December 31, 2000",,,,0,,0,,0,,,RCI,0,,,1 NO INJURY,33 Q/C VERIFIED AS OFF-SYSTEM,0 NO,01 NOT AT INTERSECTION/RRX/BRIDGE,01 DAYLIGHT,01 CLEAR,01 DRY,01 LEVEL,1 STRAIGHT,"TWO-WAY, NOT DIVIDED","TWO-WAY, NOT DIVIDED",NO CONTROLS,NO CONTROLS,,NONE,NOT CODED,NOT CODED,NONE,NOT CODED,NOT CODED,14 MOTOR VEHICLE IN TRANSPORT,"04 SIDESWIPE, SAME DIRECTION",01 STRAIGHT AHEAD,OPERATED MV IN CARLESS OR NEGL,NO CONTRIBUTING ACTION,00 NOT CODED,00 NOT CODED,00 NOT CODED,00 NOT CODED,01 NO,0,0,0,0,2,0,2,2,N,N,Y,N,Y,N,N,N,N,N,Y,N,N,N,N,N,N,N,N,N,N,N,N,N,N,N,26.71422005,-80.057005192,593797.292846,2955130.134629,C,U,ARBM15Q1R2,"February 27, 2022",877152,-8911905.349231226,3087813.08036946
2015857686510,2015,857686510,20150007798,COUNTY SHERIFF'S OFFICE,04 FOURTH,PALM BEACH,"May 5, 2015",1519,WEDNESDAY,9394 WEST PALM BEACH,0694,Y,OKEECHOBEE BLVD,CONGRESS AVE,0,,0,0,26.7062813,-80.0861559,93280000,7.081,01744,SR 704,,L LEFT,4 THRU LANE 4,W WEST,30 URBAN 6+LN 2WY DIVD RASD,05 LOCAL,02 INTERSECTION,01 ON ROADWAY,02 FOUR-WAY INTERSECTION,03 CURB,31,"June 2, 2014",14 URBAN PRIN ART OTHER,44,PAVED,3,CURB&GUTTER,2,,0,29,44500,RCI,5.9,,45,2 POSSIBLE INJURY,31 Q/C COMPLETED - LOC VERIFIED,0 NO,02 AT INTERSECTION,01 DAYLIGHT,01 CLEAR,01 DRY,01 LEVEL,1 STRAIGHT,"TWO-WAY, DIVIDED, POSITIVE MED","TWO-WAY, DIVIDED, POSITIVE MED",TRAFFIC CONTROL SIGNAL,TRAFFIC CONTROL SIGNAL,8,NONE,NOT CODED,NOT CODED,NONE,NOT CODED,NOT CODED,14 MOTOR VEHICLE IN TRANSPORT,77 OTHER (SEE NARRATIVE),01 STRAIGHT AHEAD,OTHER CONTRIBUTING ACTION,OTHER CONTRIBUTING ACTION,00 NOT CODED,00 NOT CODED,00 NOT CODED,00 NOT CODED,01 NO,1,0,0,0,2,0,2,2,N,N,N,Y,N,N,N,N,N,N,N,N,N,N,N,N,N,N,N,N,N,N,N,N,N,N,26.706462631,-80.085953512,590923.890038,2954249.918814,L,,ARBM15Q1R2,"February 27, 2022",877153,-8915127.862362621,3086846.3708279836
2015857686520,2015,857686520,20150007803,COUNTY SHERIFF'S OFFICE,04 FOURTH,PALM BEACH,"May 5, 2015",1636,WEDNESDAY,9394 WEST PALM BEACH,0694,Y,N WARE DR,HURON PL,0.057,S,0,0,26.712049,-80.082715,93A11509,1.143,,,,L LEFT,S SIDE OF ROAD,N NORTH,,05 LOCAL,01 NON-JUNCTION,01 ON ROADWAY,01 NOT AT INTERSECTION,01 PAVED,0,"December 31, 2000",,,,0,,0,,0,,,RCI,0,,,2 POSSIBLE INJURY,33 Q/C VERIFIED AS OFF-SYSTEM,0 NO,01 NOT AT INTERSECTION/RRX/BRIDGE,01 DAYLIGHT,01 CLEAR,01 DRY,01 LEVEL,3 CURVE LEFT,"TWO-WAY, NOT DIVIDED","TWO-WAY, NOT DIVIDED",NO CONTROLS,NO CONTROLS,,NONE,NOT CODED,NOT CODED,NONE,NOT CODED,NOT CODED,01 OVERTURN/ROLLOVER,03 ANGLE,01 STRAIGHT AHEAD,DROVE TOO FAST FOR CONDITIONS,NOT CODED,00 NOT CODED,00 NOT CODED,00 NOT CODED,00 NOT CODED,01 NO,1,0,0,0,1,0,2,2,N,N,N,N,Y,Y,Y,N,N,N,Y,Y,N,N,N,N,Y,N,N,Y,Y,N,N,N,N,N,26.712049908,-80.082714197,591241.680597,2954871.097964,C,U,ARBM15Q1R2,"February 27, 2022",877154,-8914767.263424218,3087542.6362684397
2015857680810,2015,857680810,20150005838,COUNTY SHERIFF'S OFFICE,04 FOURTH,PALM BEACH,"April 5, 2015",1056,MONDAY,9394 WEST PALM BEACH,0694,Y,SR 805,BELVEDERE RD,0.005,S,0,0,26.6902475,-80.0543755,93050000,6.839,00617,SR 805,US 1,R RIGHT,2 THRU LANE 2,N NORTH,21 URBAN 4-5LN 2WY DIVD PAVD,02 U.S.,01 NON-JUNCTION,01 ON ROADWAY,01 NOT AT INTERSECTION,03 CURB,36,"June 3, 2014",16 URBAN MINOR ART,22,CURB&GUTTER,2,,0,,0,14,17400,RCI,4.2,,35,1 NO INJURY,31 Q/C COMPLETED - LOC VERIFIED,0 NO,02 AT INTERSECTION,01 DAYLIGHT,01 CLEAR,01 DRY,01 LEVEL,1 STRAIGHT,"TWO-WAY, NOT DIVIDED",NOT CODED,NO CONTROLS,NOT CODED,4,NONE,NOT CODED,NOT CODED,NONE,NOT CODED,NOT CODED,14 MOTOR VEHICLE IN TRANSPORT,01 FRONT TO REAR,01 STRAIGHT AHEAD,FOLLOWED TOO CLOSELY,NOT CODED,00 NOT CODED,00 NOT CODED,00 NOT CODED,00 NOT CODED,01 NO,0,0,0,0,1,0,2,1,N,N,N,Y,N,N,N,N,N,N,N,N,N,N,N,N,N,N,N,N,N,N,N,N,N,N,26.690242512,-80.054369106,594079.210196,2952476.2394,C,,ARBM15Q1R2,"February 27, 2022",877176,-8911611.901252896,3084825.2744186725
2015857677490,2015,857677490,20150004726,COUNTY SHERIFF'S OFFICE,04 FOURTH,PALM BEACH,"March 18, 2015",0836,THURSDAY,9394 WEST PALM BEACH,0694,Y,PALM BEACH LAKES BLVD,TAMARIND AVE,0,E,0,0,26.724657,-80.061647,93014501,0.304,,,,I INTERSECTION,M MIDDLE,N NORTH,,05 LOCAL,02 INTERSECTION,01 ON ROADWAY,02 FOUR-WAY INTERSECTION,03 CURB,0,"December 31, 2000",,,,0,,0,,0,,,RCI,0,,,1 NO INJURY,33 Q/C VERIFIED AS OFF-SYSTEM,0 NO,02 AT INTERSECTION,01 DAYLIGHT,01 CLEAR,01 DRY,01 LEVEL,1 STRAIGHT,"TWO-WAY, DIVIDED, POSITIVE MED","TWO-WAY, NOT DIVIDED",TRAFFIC CONTROL SIGNAL,TRAFFIC CONTROL SIGNAL,,NONE,NOT CODED,NOT CODED,NONE,NOT CODED,NOT CODED,14 MOTOR VEHICLE IN TRANSPORT,03 ANGLE,01 STRAIGHT AHEAD,NOT CODED,NO CONTRIBUTING ACTION,00 NOT CODED,00 NOT CODED,00 NOT CODED,00 NOT CODED,01 NO,0,0,0,0,1,0,2,1,N,N,N,Y,N,N,N,N,N,N,N,N,N,N,N,N,N,N,N,N,N,N,N,N,N,N,26.724655065,-80.061647048,593327.042597,2956282.547478,C,U,ARBM15Q1R2,"February 27, 2022",877183,-8912422.07843134,3089113.568893813
2015857680790,2015,857680790,20150005828,COUNTY SHERIFF'S OFFICE,04 FOURTH,PALM BEACH,"April 5, 2015",0856,MONDAY,9394 WEST PALM BEACH,0694,Y,VILLAGE BLVD,BRANDYWINE RD,0,E,0,0,26.714129,-80.099309,93577000,0.643,,,,I INTERSECTION,M MIDDLE,N NORTH,,05 LOCAL,03 INTERSECTION-RELATED,01 ON ROADWAY,01 NOT AT INTERSECTION,03 CURB,0,"December 31, 2000",,,,0,,0,,0,,,RCI,0,,,1 NO INJURY,33 Q/C VERIFIED AS OFF-SYSTEM,0 NO,03 INFLUENCED BY INTERSECTION,01 DAYLIGHT,01 CLEAR,01 DRY,01 LEVEL,1 STRAIGHT,"TWO-WAY, NOT DIVIDED","TWO-WAY, DIVIDED, POSITIVE MED",STOP SIGN,NO CONTROLS,,NONE,NOT CODED,NOT CODED,NONE,NOT CODED,NOT CODED,14 MOTOR VEHICLE IN TRANSPORT,03 ANGLE,01 STRAIGHT AHEAD,NOT CODED,NO CONTRIBUTING ACTION,00 NOT CODED,00 NOT CODED,00 NOT CODED,00 NOT CODED,01 NO,0,0,0,0,2,0,3,2,N,N,N,Y,N,N,N,N,N,N,N,N,N,N,N,N,N,N,N,N,N,N,N,N,N,N,26.714125074,-80.099307321,589589.4692,2955089.1774,R,U,ARBM15Q1R2,"February 27, 2022",877184,-8916614.402056407,3087801.2441587923
2015857672810,2015,857672810,20150003122,COUNTY SHERIFF'S OFFICE,04 FOURTH,PALM BEACH,"February 20, 2015",1944,SATURDAY,9394 WEST PALM BEACH,0694,Y,VILLAGE BLVD,BRANDYWINE RD,0.668,N,0,0,26.739769,-80.091441,93577000,2.766,,,,L LEFT,2 THRU LANE 2,S SOUTH,,05 LOCAL,01 NON-JUNCTION,01 ON ROADWAY,01 NOT AT INTERSECTION,01 PAVED,0,"December 31, 2000",,,,0,,0,,0,,,RCI,0,,,1 NO INJURY,33 Q/C VERIFIED AS OFF-SYSTEM,0 NO,01 NOT AT INTERSECTION/RRX/BRIDGE,04 DARK-LIGHTED,01 CLEAR,01 DRY,01 LEVEL,1 STRAIGHT,"TWO-WAY, DIVIDED, POSITIVE MED","TWO-WAY, DIVIDED, POSITIVE MED",NO CONTROLS,NO CONTROLS,,NONE,NOT CODED,NOT CODED,NONE,NOT CODED,NOT CODED,14 MOTOR VEHICLE IN TRANSPORT,01 FRONT TO REAR,01 STRAIGHT AHEAD,NO CONTRIBUTING ACTION,NO CONTRIBUTING ACTION,00 NOT CODED,00 NOT CODED,00 NOT CODED,00 NOT CODED,01 NO,0,0,0,0,2,0,2,3,N,N,N,N,N,N,N,N,N,N,Y,N,N,N,N,N,N,N,N,N,N,N,N,N,N,N,26.739769125,-80.091443829,590351.410154,2957935.148696,L,U,ARBM15Q1R2,"February 27, 2022",877702,-8915739.041852979,3090997.4058560194
2015857675630,2015,857675630,20150004083,COUNTY SHERIFF'S OFFICE,04 FOURTH,PALM BEACH,"March 8, 2015",1731,MONDAY,9394 WEST PALM BEACH,0694,Y,SOUTHERN BLVD,LAKE AVE,0.009,W,0,0,26.6758635,-80.0610916,93120000,20.489,00375,SR 80,US 98,R RIGHT,2 THRU LANE 2,W WEST,21 URBAN 4-5LN 2WY DIVD PAVD,05 LOCAL,01 NON-JUNCTION,01 ON ROADWAY,02 FOUR-WAY INTERSECTION,01 PAVED,40,"June 1, 2015",14 URBAN PRIN ART OTHER,22,RAISED CURB,0,,0,,0,12,23500,RCI,5.6,,35,1 NO INJURY,31 Q/C COMPLETED - LOC VERIFIED,0 NO,03 INFLUENCED BY INTERSECTION,01 DAYLIGHT,01 CLEAR,01 DRY,01 LEVEL,1 STRAIGHT,"TWO-WAY, NOT DIV, W/CONT LTURN","TWO-WAY, NOT DIV, W/CONT LTURN",NO CONTROLS,NO CONTROLS,4,NONE,NOT CODED,NOT CODED,NONE,NOT CODED,NOT CODED,14 MOTOR VEHICLE IN TRANSPORT,01 FRONT TO REAR,01 STRAIGHT AHEAD,FOLLOWED TOO CLOSELY,NO CONTRIBUTING ACTION,00 NOT CODED,00 NOT CODED,00 NOT CODED,00 NOT CODED,01 NO,0,0,0,0,2,0,2,3,N,N,N,Y,N,N,N,N,N,N,N,N,N,N,N,N,N,N,N,N,N,N,N,N,N,N,26.675851279,-80.061240821,593407.247106,2950877.170348,C,,ARBM15Q1R2,"February 27, 2022",877782,-8912376.857287433,3083032.3056014017
2015857679310,2015,857679310,20150005330,COUNTY SHERIFF'S OFFICE,04 FOURTH,PALM BEACH,"March 28, 2015",1715,SUNDAY,9394 WEST PALM BEACH,0694,Y,N FLAGLER DR,49TH ST,0.004,N,0,0,26.755662,-80.052576,93000130,1.325,,,,L LEFT,S SIDE OF ROAD,N NORTH,,05 LOCAL,03 INTERSECTION-RELATED,02 OFF ROADWAY,03 T-INTERSECTION,03 CURB,0,"December 31, 2000",,,,0,,0,,0,,,RCI,0,,,1 NO INJURY,33 Q/C VERIFIED AS OFF-SYSTEM,0 NO,03 INFLUENCED BY INTERSECTION,01 DAYLIGHT,01 CLEAR,01 DRY,01 LEVEL,1 STRAIGHT,"TWO-WAY, NOT DIVIDED",,STOP SIGN,NOT CODED,,NONE,NOT CODED,NOT CODED,UNKNOWN,NOT CODED,NOT CODED,24 CURB,77 OTHER (SEE NARRATIVE),03 TURNING LEFT,NO CONTRIBUTING ACTION,NOT CODED,00 NOT CODED,00 NOT CODED,00 NOT CODED,00 NOT CODED,01 NO,0,0,0,0,1,0,1,3,N,N,N,Y,N,N,N,N,N,N,N,N,N,N,N,N,N,N,N,N,Y,N,N,N,N,N,26.755661915,-80.052574131,594203.913911,2959723.67551,C,U,ARBM15Q1R2,"February 27, 2022",877783,-8911412.08574818,3092978.574947672
2015857679320,2015,857679320,20150005332,COUNTY SHERIFF'S OFFICE,04 FOURTH,PALM BEACH,"March 28, 2015",1729,SUNDAY,9394 WEST PALM BEACH,0694,Y,S OLIVE AVE,SUMMA ST,0.001,S,0,0,26.650062,-80.052106,93020000,4.013,,,,R RIGHT,1 THRU LANE 1,N NORTH,,05 LOCAL,02 INTERSECTION,01 ON ROADWAY,02 FOUR-WAY INTERSECTION,03 CURB,0,"December 31, 2000",,,,0,,0,,0,,,RCI,0,,,1 NO INJURY,33 Q/C VERIFIED AS OFF-SYSTEM,0 NO,02 AT INTERSECTION,01 DAYLIGHT,01 CLEAR,01 DRY,01 LEVEL,1 STRAIGHT,"TWO-WAY, NOT DIVIDED","TWO-WAY, NOT DIVIDED",NO CONTROLS,NO CONTROLS,,NONE,NOT CODED,NOT CODED,NONE,NOT CODED,NOT CODED,14 MOTOR VEHICLE IN TRANSPORT,01 FRONT TO REAR,01 STRAIGHT AHEAD,OPERATED MV IN CARLESS OR NEGL,NO CONTRIBUTING ACTION,00 NOT CODED,00 NOT CODED,00 NOT CODED,00 NOT CODED,01 NO,0,0,0,0,2,0,2,2,N,N,N,Y,N,N,N,N,N,N,N,N,N,N,N,N,N,N,N,N,Y,N,N,N,N,N,26.650062038,-80.0521077,594337.257447,2948027.393612,C,U,ARBM15Q1R2,"February 27, 2022",877784,-8911360.162579492,3079819.8528333628
2015857679420,2015,857679420,20150005362,COUNTY SHERIFF'S OFFICE,04 FOURTH,PALM BEACH,"March 29, 2015",0903,MONDAY,9394 WEST PALM BEACH,0694,Y,OKEECHOBEE BLVD,I 95,0.003,W,0,0,26.7060892,-80.0779003,93280000,7.591,01752,SR 704,,R RIGHT,4 THRU LANE 4,0,30 URBAN 6+LN 2WY DIVD RASD,03 STATE,01 NON-JUNCTION,01 ON ROADWAY,01 NOT AT INTERSECTION,03 CURB,32,"June 2, 2014",14 URBAN PRIN ART OTHER,44,PAVED,4,CURB&GUTTER,2,,0,18,63000,RCI,10.8,,45,1 NO INJURY,31 Q/C COMPLETED - LOC VERIFIED,0 NO,02 AT INTERSECTION,01 DAYLIGHT,02 CLOUDY,01 DRY,00 NOT CODED,0 NOT CODED,NOT CODED,"TWO-WAY, DIVIDED, POSITIVE MED",NOT CODED,NO CONTROLS,8,NONE,NOT CODED,NOT CODED,NONE,NOT CODED,NOT CODED,14 MOTOR VEHICLE IN TRANSPORT,"04 SIDESWIPE, SAME DIRECTION",00 NOT CODED,NOT CODED,NO CONTRIBUTING ACTION,00 NOT CODED,00 NOT CODED,00 NOT CODED,00 NOT CODED,01 NO,0,0,0,0,1,0,2,1,N,N,N,Y,N,N,N,N,N,N,N,N,N,N,N,N,N,N,N,N,N,N,N,N,N,N,26.706057357,-80.077956903,591719.710629,2954210.758213,R,,ARBM15Q1R2,"February 27, 2022",877785,-8914237.68373804,3086795.868437609
2015857676990,2015,857676990,20150004565,COUNTY SHERIFF'S OFFICE,04 FOURTH,PALM BEACH,"March 15, 2015",1741,MONDAY,9394 WEST PALM BEACH,0694,Y,MILITARY TRL N,SHILOH DR,0.009,N,0,0,26.7547221,-80.1088297,93150000,5.309,05708,SR 809,,R RIGHT,1 THRU LANE 1,W WEST,30 URBAN 6+LN 2WY DIVD RASD,04 COUNTY,03 INTERSECTION-RELATED,01 ON ROADWAY,03 T-INTERSECTION,01 PAVED,39,"June 1, 2014",14 URBAN PRIN ART OTHER,36,PAVED,4,CURB&GUTTER,2,,0,20,35500,RCI,5.1,,45,2 POSSIBLE INJURY,31 Q/C COMPLETED - LOC VERIFIED,0 NO,03 INFLUENCED BY INTERSECTION,01 DAYLIGHT,01 CLEAR,01 DRY,01 LEVEL,1 STRAIGHT,"TWO-WAY, DIVIDED, POSITIVE MED","TWO-WAY, DIVIDED, POSITIVE MED",STOP SIGN,NO CONTROLS,6,NONE,NOT CODED,NOT CODED,NONE,NOT CODED,NOT CODED,14 MOTOR VEHICLE IN TRANSPORT,"04 SIDESWIPE, SAME DIRECTION",05 TURNING RIGHT,FAILED TO YIELD RIGHT-OF-WAY,NO CONTRIBUTING ACTION,00 NOT CODED,00 NOT CODED,00 NOT CODED,00 NOT CODED,01 NO,1,0,0,0,2,0,2,4,N,N,N,Y,N,N,N,N,N,N,N,N,N,N,N,N,N,N,N,N,N,N,N,N,N,N,26.754773154,-80.108819003,588611.816293,2959584.832089,R,,ARBM15Q1R2,"February 27, 2022",878160,-8917673.238056121,3092867.7760398975