Crash Id,Calendar Year,FDOT Crash Number,Reporting Agency Case Number,Reporting Agency Type,FDOT Managing District,County Name,Crash Date,Crash Time,Day,DHSMV City,Crash Report City Code,In Town,On Roadway Name,Int Roadway Name,Reference Distance (Miles),Reference Direction,Officer Latitude,Officer Longitude,FDOT Latitude,FDOT Longitude,FDOT Roadway,Nearest Inventory MP,Nearest Node From Crash,State Road #,US Highway,Crash Side of Road,Accident Lane Number,Travel Direction Vehicle 1,FDOT Road Category,DHSMV Road System Id,Relation to Junction,Crash Harmful Event Location,Intersection Type,Shoulder Type,FDOT Roadway SKID Test Result,FDOT Roadway SKID Test Date,Functional Class,RCI Surface Width,RCI Shoulder Type First,RCI Shoulder Width First,RCI Shoulder Type Second,RCI Shoulder Width Second,RCI Shoulder Type Third,RCI Shoulder Width Third,RCI Median Width,Avg Daily Traffic,AADT Source,RCI Avg Per Truck Traffic,RCI Horiz Curve Condition,Posted Speed Limit,Highest Injury in Crash,CAR Status Code,Alcohols/Drug Involved,Site Location,Lighting,Weather,Road Surface,Roadway Grade,Roadway Alignment,Traffic Way Vehicle 1,Traffic Way Vehicle 2,Traffic Control Vehicle 1,Traffic Control Vehicle 2,Count of Lanes,Road Condition 1,Road Condition 2,Road Condition 3,Environment Condition 1,Environment Condition 2,Environment Condition 3,Crash Harmful Event,Manner of Collision,Vehicle Movement,Driver Action Vehicle 1,Driver Action Vehicle 2,Location Within Workzone,Type of Workzone,Workers Present in Workzone,Law Enforcement Present in Workzone,School Bus Related,Count of Nonfatal Injuries,Count of Traffic Fatalities,Count of Serious Injuries,Count of Pedestrians,Count of Drivers,Count of Bicyclists,Count of Vehicles,Count of Persons,Wrong Way,Workzone Inv,Commercial Vehicle Inv,Intersection Inv,Lane Departure,Speeding,Agressive Driving,Impaired Driver,Impaired Pedestrian,Impaired Bicyclist,Distracted Driver,Speeding or Aggressive Driving,Pedestrian Related,Bicyclist Related,Pedestrian or Bicyclist Related,Motorcycle Inv,No Belt,No Belt - Ages 1-4,No Belt - Ages 5-12,No Belt - Ages 13-17,Driver - Ages Teen,Driver - Ages 65 plus,Driver - Ages 65-69,Driver - Ages 70-74,Driver - Ages 75-79,Driver - Ages 80 plus,ARBM Latitude,ARBM Longitude,UTM Zone 17N X,UTM Zone 17N Y,ARBM Side of Road,Urban Rural Indicator,GIS Street Source,Extract Date,OBJECTID,x,y
2015857682220,2015,857682220,20150006390,COUNTY SHERIFF'S OFFICE,04 FOURTH,PALM BEACH,"April 13, 2015",1546,TUESDAY,9394 WEST PALM BEACH,0694,Y,N AUSTRALIAN AVE,25TH ST,0.019,N,0,0,26.736703,-80.067752,93025501,0.837,,,,L LEFT,L LEFT TURN,0,,04 COUNTY,02 INTERSECTION,01 ON ROADWAY,01 NOT AT INTERSECTION,03 CURB,0,"December 31, 2000",,,,0,,0,,0,,,RCI,0,,,1 NO INJURY,33 Q/C VERIFIED AS OFF-SYSTEM,0 NO,02 AT INTERSECTION,01 DAYLIGHT,01 CLEAR,01 DRY,00 NOT CODED,0 NOT CODED,NOT CODED,"TWO-WAY, DIVIDED, POSITIVE MED",NOT CODED,TRAFFIC CONTROL SIGNAL,,NONE,NOT CODED,NOT CODED,NONE,NOT CODED,NOT CODED,14 MOTOR VEHICLE IN TRANSPORT,01 FRONT TO REAR,00 NOT CODED,NOT CODED,NO CONTRIBUTING ACTION,00 NOT CODED,00 NOT CODED,00 NOT CODED,00 NOT CODED,01 NO,0,0,0,0,1,0,2,1,N,N,N,Y,N,N,N,N,N,N,N,N,N,N,N,N,N,N,N,N,N,N,N,N,N,N,26.736702556,-80.067754202,592709.835906,2957612.513353,L,U,ARBM15Q1R2,"February 27, 2022",879555,-8913101.92396361,3090615.1643195692
2015857682260,2015,857682260,20150006409,COUNTY SHERIFF'S OFFICE,04 FOURTH,PALM BEACH,"April 14, 2015",0614,WEDNESDAY,9394 WEST PALM BEACH,0694,Y,SOUTHERN BLVD,PARKER AVE,0,,0,0,26.6758783,-80.063105,93120000,20.364,00374,SR 80,US 98,L LEFT,2 THRU LANE 2,W WEST,21 URBAN 4-5LN 2WY DIVD PAVD,03 STATE,02 INTERSECTION,01 ON ROADWAY,02 FOUR-WAY INTERSECTION,03 CURB,40,"June 1, 2015",14 URBAN PRIN ART OTHER,22,RAISED CURB,0,,0,,0,12,23500,RCI,5.6,,35,2 POSSIBLE INJURY,31 Q/C COMPLETED - LOC VERIFIED,0 NO,02 AT INTERSECTION,03 DAWN,01 CLEAR,01 DRY,04 DOWNHILL,1 STRAIGHT,"TWO-WAY, NOT DIVIDED","TWO-WAY, NOT DIVIDED",TRAFFIC CONTROL SIGNAL,TRAFFIC CONTROL SIGNAL,4,NONE,NOT CODED,NOT CODED,NONE,NOT CODED,NOT CODED,14 MOTOR VEHICLE IN TRANSPORT,03 ANGLE,01 STRAIGHT AHEAD,RAN RED LIGHT,NO CONTRIBUTING ACTION,00 NOT CODED,00 NOT CODED,00 NOT CODED,00 NOT CODED,01 NO,1,0,0,0,3,0,3,3,N,N,N,Y,N,N,N,N,N,N,N,N,N,N,N,N,N,N,N,N,N,N,N,N,N,N,26.675932525,-80.063255562,593206.701991,2950884.696254,C,,ARBM15Q1R2,"February 27, 2022",879556,-8912601.137340672,3083042.4273770554
2015857682300,2015,857682300,20150006422,COUNTY SHERIFF'S OFFICE,04 FOURTH,PALM BEACH,"April 14, 2015",0851,WEDNESDAY,9394 WEST PALM BEACH,0694,Y,SR 5,CLEMATIS ST,0,,0,0,26.7134481,-80.0549709,93020100,0.542,02395,SR 5,US 1,R RIGHT,2 THRU LANE 2,S SOUTH,20 URBAN 4-5LN 2WY DIVD RASD,05 LOCAL,02 INTERSECTION,01 ON ROADWAY,02 FOUR-WAY INTERSECTION,03 CURB,0,"December 31, 2000",17 URBAN MAJOR COLLECTOR,21,CURB&GUTTER,2,,0,,0,19,9800,RCI,3.5,,30,1 NO INJURY,31 Q/C COMPLETED - LOC VERIFIED,0 NO,02 AT INTERSECTION,01 DAYLIGHT,02 CLOUDY,01 DRY,01 LEVEL,1 STRAIGHT,ONE-WAY TRAFFICWAY,ONE-WAY TRAFFICWAY,TRAFFIC CONTROL SIGNAL,TRAFFIC CONTROL SIGNAL,4,NONE,NOT CODED,NOT CODED,NONE,NOT CODED,NOT CODED,14 MOTOR VEHICLE IN TRANSPORT,"04 SIDESWIPE, SAME DIRECTION",01 STRAIGHT AHEAD,OPERATED MV IN CARLESS OR NEGL,NO CONTRIBUTING ACTION,00 NOT CODED,00 NOT CODED,00 NOT CODED,00 NOT CODED,01 NO,0,0,0,0,2,0,2,2,N,N,N,Y,N,N,N,N,N,N,N,N,N,N,N,N,N,N,N,N,N,N,N,N,N,N,26.713443799,-80.054986226,593998.762683,2955045.641801,C,,ARBM15Q1R2,"February 27, 2022",879557,-8911680.598873928,3087716.343074392
2015857685180,2015,857685180,20150007387,COUNTY SHERIFF'S OFFICE,04 FOURTH,PALM BEACH,"April 29, 2015",1804,THURSDAY,9394 WEST PALM BEACH,0694,Y,SR 5,6TH ST,0.002,N,0,0,26.7189771,-80.0533782,93020001,0.377,00677,SR 5,US 1,L LEFT,2 THRU LANE 2,S SOUTH,21 URBAN 4-5LN 2WY DIVD PAVD,05 LOCAL,88 UNKNOWN,01 ON ROADWAY,01 NOT AT INTERSECTION,01 PAVED,37,"June 2, 2008",16 URBAN MINOR ART,22,CURB&GUTTER,2,,0,,0,12,15900,RCI,5.7,,30,1 NO INJURY,31 Q/C COMPLETED - LOC VERIFIED,2 DRG,02 AT INTERSECTION,01 DAYLIGHT,01 CLEAR,01 DRY,01 LEVEL,1 STRAIGHT,"TWO-WAY, NOT DIVIDED","TWO-WAY, NOT DIVIDED",NO CONTROLS,NO CONTROLS,4,NONE,NOT CODED,NOT CODED,NONE,NOT CODED,NOT CODED,14 MOTOR VEHICLE IN TRANSPORT,01 FRONT TO REAR,01 STRAIGHT AHEAD,FOLLOWED TOO CLOSELY,NO CONTRIBUTING ACTION,00 NOT CODED,00 NOT CODED,00 NOT CODED,00 NOT CODED,01 NO,0,0,0,0,3,0,3,5,N,N,N,Y,N,N,N,Y,N,N,Y,N,N,N,N,N,N,N,N,N,N,N,N,N,N,N,26.718999985,-80.053377335,594154.233217,2955662.253916,C,,ARBM15Q1R2,"February 27, 2022",879558,-8911501.497943064,3088408.7763350643
2015857685200,2015,857685200,20150007390,COUNTY SHERIFF'S OFFICE,04 FOURTH,PALM BEACH,"April 29, 2015",1930,THURSDAY,9394 WEST PALM BEACH,0694,Y,S AUSTRALIAN AVE,CLEARWATER PL,0.009,S,0,0,26.709774,-80.064123,93025500,0.166,,,,R RIGHT,3 THRU LANE 3,0,,05 LOCAL,01 NON-JUNCTION,01 ON ROADWAY,01 NOT AT INTERSECTION,01 PAVED,0,"December 31, 2000",,,,0,,0,,0,,,RCI,0,,,1 NO INJURY,33 Q/C VERIFIED AS OFF-SYSTEM,0 NO,01 NOT AT INTERSECTION/RRX/BRIDGE,03 DAWN,01 CLEAR,01 DRY,00 NOT CODED,0 NOT CODED,NOT CODED,"TWO-WAY, DIVIDED, POSITIVE MED",NOT CODED,NO CONTROLS,,NONE,NOT CODED,NOT CODED,NONE,NOT CODED,NOT CODED,14 MOTOR VEHICLE IN TRANSPORT,01 FRONT TO REAR,00 NOT CODED,NOT CODED,NO CONTRIBUTING ACTION,00 NOT CODED,00 NOT CODED,00 NOT CODED,00 NOT CODED,01 NO,0,0,0,0,1,0,2,5,N,N,N,N,N,N,N,N,N,N,N,N,N,N,N,N,N,N,N,N,Y,N,N,N,N,N,26.709773969,-80.064121811,593092.999043,2954632.452574,R,U,ARBM15Q1R2,"February 27, 2022",879559,-8912697.567903304,3087259.013247444
2015857685210,2015,857685210,20150007397,COUNTY SHERIFF'S OFFICE,04 FOURTH,PALM BEACH,"April 29, 2015",2035,THURSDAY,9394 WEST PALM BEACH,0694,Y,N AUSTRALIAN AVE,45TH ST,0.004,S,0,0,26.75307,-80.072363,93025501,2.029,,,,R RIGHT,L LEFT TURN,N NORTH,,04 COUNTY,01 NON-JUNCTION,01 ON ROADWAY,01 NOT AT INTERSECTION,03 CURB,0,"December 31, 2000",,,,0,,0,,0,,,RCI,0,,,1 NO INJURY,33 Q/C VERIFIED AS OFF-SYSTEM,0 NO,01 NOT AT INTERSECTION/RRX/BRIDGE,04 DARK-LIGHTED,01 CLEAR,01 DRY,00 NOT CODED,0 NOT CODED,NOT CODED,"TWO-WAY, DIVIDED, POSITIVE MED",NOT CODED,TRAFFIC CONTROL SIGNAL,,NONE,NOT CODED,NOT CODED,NONE,NOT CODED,NOT CODED,14 MOTOR VEHICLE IN TRANSPORT,03 ANGLE,00 NOT CODED,NOT CODED,NO CONTRIBUTING ACTION,00 NOT CODED,00 NOT CODED,00 NOT CODED,00 NOT CODED,01 NO,0,0,0,0,1,0,2,1,N,N,N,N,N,N,N,N,N,N,N,N,N,N,N,N,N,N,N,N,N,N,N,N,N,N,26.753069888,-80.072360777,592238.487937,2959422.077231,R,U,ARBM15Q1R2,"February 27, 2022",879560,-8913614.725774659,3092655.4381255307
2015857685240,2015,857685240,20150007408,COUNTY SHERIFF'S OFFICE,04 FOURTH,PALM BEACH,"April 30, 2015",0119,FRIDAY,9394 WEST PALM BEACH,0694,Y,OKEECHOBEE BLVD,BENOIST FARMS RD,0.114,E,0,0,26.7083912,-80.1679636,93280000,2.027,00897,SR 704,,R RIGHT,1 THRU LANE 1,W WEST,33 SUBURBAN 6+LN 2WY DIVD RASD,03 STATE,01 NON-JUNCTION,01 ON ROADWAY,01 NOT AT INTERSECTION,02 UNPAVED,41,"June 2, 2014",14 URBAN PRIN ART OTHER,48,PAVED,5,LAWN,12,,0,35,59500,RCI,2.7,,50,2 POSSIBLE INJURY,31 Q/C COMPLETED - LOC VERIFIED,0 NO,01 NOT AT INTERSECTION/RRX/BRIDGE,04 DARK-LIGHTED,01 CLEAR,01 DRY,01 LEVEL,1 STRAIGHT,"TWO-WAY, DIVIDED, POSITIVE MED",,NO CONTROLS,NOT CODED,8,NONE,NOT CODED,NOT CODED,NONE,NOT CODED,NOT CODED,01 OVERTURN/ROLLOVER,77 OTHER (SEE NARRATIVE),01 STRAIGHT AHEAD,NO CONTRIBUTING ACTION,NOT CODED,00 NOT CODED,00 NOT CODED,00 NOT CODED,00 NOT CODED,01 NO,1,0,0,0,1,0,1,1,N,N,N,N,Y,N,N,N,N,N,N,N,N,N,N,N,N,N,N,N,N,N,N,N,N,N,26.7083604,-80.168153986,582745.343787,2954404.123141,R,,ARBM15Q1R2,"February 27, 2022",879561,-8924278.379923044,3087082.8595732106
2015857678930,2015,857678930,20150005231,COUNTY SHERIFF'S OFFICE,04 FOURTH,PALM BEACH,"March 26, 2015",1342,FRIDAY,9394 WEST PALM BEACH,0694,Y,45TH ST,N CONGRESS AVE,0.006,W,0,0,26.758773,-80.086491,93510000,1.364,,,,R RIGHT,L LEFT TURN,W WEST,,04 COUNTY,01 NON-JUNCTION,01 ON ROADWAY,01 NOT AT INTERSECTION,03 CURB,0,"December 31, 2000",,,,0,,0,,0,,,RCI,0,,,1 NO INJURY,33 Q/C VERIFIED AS OFF-SYSTEM,0 NO,01 NOT AT INTERSECTION/RRX/BRIDGE,01 DAYLIGHT,03 RAIN,02 WET,01 LEVEL,1 STRAIGHT,"TWO-WAY, DIVIDED, POSITIVE MED","TWO-WAY, DIVIDED, POSITIVE MED",NO CONTROLS,TRAFFIC CONTROL SIGNAL,,NONE,NOT CODED,NOT CODED,NONE,NOT CODED,NOT CODED,24 CURB,06 REAR TO SIDE,03 TURNING LEFT,DROVE TOO FAST FOR CONDITIONS,NO CONTRIBUTING ACTION,00 NOT CODED,00 NOT CODED,00 NOT CODED,00 NOT CODED,01 NO,0,0,0,0,2,0,2,2,N,N,N,N,Y,Y,N,N,N,N,N,Y,N,N,N,N,N,N,N,N,N,N,N,N,N,N,26.758775063,-80.086491,590828.861241,2960043.840876,R,U,ARBM15Q1R2,"February 27, 2022",879562,-8915187.695485575,3093366.6872262615
2015857685640,2015,857685640,20150007519,COUNTY SHERIFF'S OFFICE,04 FOURTH,PALM BEACH,"May 1, 2015",1151,SATURDAY,9394 WEST PALM BEACH,0694,Y,PALM BEACH LAKES BLVD,N ROBBINS DR,0.002,E,0,0,26.716157,-80.092146,93014500,0.841,,,,L LEFT,L LEFT TURN,W WEST,,05 LOCAL,01 NON-JUNCTION,01 ON ROADWAY,01 NOT AT INTERSECTION,03 CURB,0,"December 31, 2000",,,,0,,0,,0,,,RCI,0,,,3 NO-INCAPACITATING INJURY,33 Q/C VERIFIED AS OFF-SYSTEM,0 NO,01 NOT AT INTERSECTION/RRX/BRIDGE,01 DAYLIGHT,01 CLEAR,01 DRY,01 LEVEL,1 STRAIGHT,"TWO-WAY, DIVIDED, POSITIVE MED","TWO-WAY, DIVIDED, POSITIVE MED",TRAFFIC CONTROL SIGNAL,TRAFFIC CONTROL SIGNAL,,NONE,NOT CODED,NOT CODED,NONE,NOT CODED,NOT CODED,14 MOTOR VEHICLE IN TRANSPORT,01 FRONT TO REAR,01 STRAIGHT AHEAD,FOLLOWED TOO CLOSELY,NO CONTRIBUTING ACTION,00 NOT CODED,00 NOT CODED,00 NOT CODED,00 NOT CODED,01 NO,1,0,0,0,2,0,2,3,N,N,N,N,N,N,N,N,N,N,N,N,N,N,N,N,N,N,N,N,N,N,N,N,N,N,26.716157842,-80.092147181,590300.100656,2955319.386753,L,U,ARBM15Q1R2,"February 27, 2022",879592,-8915817.338640887,3088054.5732782246
2015857685690,2015,857685690,20150007546,COUNTY SHERIFF'S OFFICE,04 FOURTH,PALM BEACH,"May 1, 2015",1944,SATURDAY,9394 WEST PALM BEACH,0694,Y,PALM BEACH LAKES BLVD,,0.009,E,0,0,26.711811,-80.095995,93014500,0.455,,,,L LEFT,R RIGHT TURN,W WEST,,04 COUNTY,01 NON-JUNCTION,01 ON ROADWAY,01 NOT AT INTERSECTION,01 PAVED,0,"December 31, 2000",,,,0,,0,,0,,,RCI,0,,,1 NO INJURY,33 Q/C VERIFIED AS OFF-SYSTEM,0 NO,01 NOT AT INTERSECTION/RRX/BRIDGE,04 DARK-LIGHTED,01 CLEAR,01 DRY,01 LEVEL,1 STRAIGHT,"TWO-WAY, DIVIDED, POSITIVE MED","TWO-WAY, DIVIDED, POSITIVE MED",NO CONTROLS,NO CONTROLS,,NONE,NOT CODED,NOT CODED,NONE,NOT CODED,NOT CODED,14 MOTOR VEHICLE IN TRANSPORT,"04 SIDESWIPE, SAME DIRECTION",06 CHANGING LANES,FAILED TO KEEP IN PROPER LANE,NO CONTRIBUTING ACTION,00 NOT CODED,00 NOT CODED,00 NOT CODED,00 NOT CODED,01 NO,0,0,0,0,2,0,2,2,N,N,N,N,Y,N,N,N,N,N,N,N,N,N,N,N,N,N,N,N,N,N,N,N,N,N,26.711811028,-80.09599504,589920.767241,2954835.19965,L,U,ARBM15Q1R2,"February 27, 2022",879593,-8916245.680571018,3087512.86706726
2015857682480,2015,857682480,20150006481,COUNTY SHERIFF'S OFFICE,04 FOURTH,PALM BEACH,"April 14, 2015",2051,WEDNESDAY,9394 WEST PALM BEACH,0694,Y,S DIXIE HWY,SUMMA ST,0.004,S,0,0,26.650452,-80.05617,93050000,4.094,,,,R RIGHT,1 THRU LANE 1,N NORTH,,03 STATE,01 NON-JUNCTION,01 ON ROADWAY,01 NOT AT INTERSECTION,03 CURB,0,"December 31, 2000",,,,0,,0,,0,,,RCI,0,,,1 NO INJURY,33 Q/C VERIFIED AS OFF-SYSTEM,0 NO,01 NOT AT INTERSECTION/RRX/BRIDGE,04 DARK-LIGHTED,01 CLEAR,01 DRY,01 LEVEL,1 STRAIGHT,"TWO-WAY, NOT DIV, W/CONT LTURN","TWO-WAY, NOT DIV, W/CONT LTURN",NO CONTROLS,NO CONTROLS,,NONE,NOT CODED,NOT CODED,NONE,NOT CODED,NOT CODED,14 MOTOR VEHICLE IN TRANSPORT,01 FRONT TO REAR,01 STRAIGHT AHEAD,OPERATED MV IN CARLESS OR NEGL,NO CONTRIBUTING ACTION,00 NOT CODED,00 NOT CODED,00 NOT CODED,00 NOT CODED,01 NO,0,0,0,0,2,0,2,2,N,N,N,N,N,N,N,N,N,N,N,N,N,N,N,N,N,N,N,N,N,N,N,N,N,N,26.650451978,-80.056169276,593932.695267,2948067.590938,C,U,ARBM15Q1R2,"February 27, 2022",879594,-8911812.295195779,3079868.4205701235
2015857682490,2015,857682490,20150006477,COUNTY SHERIFF'S OFFICE,04 FOURTH,PALM BEACH,"April 14, 2015",1945,WEDNESDAY,9394 WEST PALM BEACH,0694,Y,N CONGRESS AVE,HANK AARON DR,0.002,N,0,0,26.719382,-80.081511,93250500,2.047,,,,L LEFT,1 THRU LANE 1,S SOUTH,,04 COUNTY,01 NON-JUNCTION,01 ON ROADWAY,02 FOUR-WAY INTERSECTION,03 CURB,0,"December 31, 2000",,,,0,,0,,0,,,RCI,0,,,0 UNKNOWN/NOT CODED,33 Q/C VERIFIED AS OFF-SYSTEM,0 NO,01 NOT AT INTERSECTION/RRX/BRIDGE,04 DARK-LIGHTED,01 CLEAR,01 DRY,01 LEVEL,1 STRAIGHT,"TWO-WAY, NOT DIVIDED",NOT CODED,TRAFFIC CONTROL SIGNAL,TRAFFIC CONTROL SIGNAL,,NONE,NOT CODED,NOT CODED,NONE,NOT CODED,NOT CODED,14 MOTOR VEHICLE IN TRANSPORT,01 FRONT TO REAR,01 STRAIGHT AHEAD,NOT CODED,NOT CODED,00 NOT CODED,00 NOT CODED,00 NOT CODED,00 NOT CODED,01 NO,0,0,0,0,0,0,2,0,N,N,N,N,N,N,N,N,N,N,N,N,N,N,N,N,N,N,N,N,N,N,N,N,N,N,26.719381071,-80.081514936,591355.12376,2955683.980736,C,U,ARBM15Q1R2,"February 27, 2022",879595,-8914633.762145273,3088456.2698160354
2015857677680,2015,857677680,20150004787,COUNTY SHERIFF'S OFFICE,04 FOURTH,PALM BEACH,"March 19, 2015",1032,FRIDAY,9394 WEST PALM BEACH,0694,Y,S DIXIE HWY,HIBISCUS,0,E,0,0,26.708521,-80.05365,93020001,1.1,,,,I INTERSECTION,M MIDDLE,S SOUTH,,05 LOCAL,02 INTERSECTION,01 ON ROADWAY,02 FOUR-WAY INTERSECTION,01 PAVED,0,"December 31, 2000",,,,0,,0,,0,,,RCI,0,,,1 NO INJURY,33 Q/C VERIFIED AS OFF-SYSTEM,0 NO,02 AT INTERSECTION,01 DAYLIGHT,01 CLEAR,01 DRY,01 LEVEL,1 STRAIGHT,ONE-WAY TRAFFICWAY,ONE-WAY TRAFFICWAY,TRAFFIC CONTROL SIGNAL,TRAFFIC CONTROL SIGNAL,,NONE,NOT CODED,NOT CODED,NONE,NOT CODED,NOT CODED,14 MOTOR VEHICLE IN TRANSPORT,03 ANGLE,03 TURNING LEFT,IMPROPER TURN,NO CONTRIBUTING ACTION,00 NOT CODED,00 NOT CODED,00 NOT CODED,00 NOT CODED,01 NO,0,0,0,0,2,0,2,2,N,N,N,Y,N,N,N,N,N,N,N,N,N,N,N,N,N,N,N,N,N,Y,N,N,N,Y,26.708521,-80.053647335,594135.995551,2954501.362366,O,U,ARBM15Q1R2,"February 27, 2022",879647,-8911531.55405975,3087102.8730968987
2015857677690,2015,857677690,20150004803,COUNTY SHERIFF'S OFFICE,04 FOURTH,PALM BEACH,"March 19, 2015",1443,FRIDAY,9394 WEST PALM BEACH,0694,Y,4TH ST,DIVISION AVE,0.006,E,0,0,26.717165,-80.059375,93A11412,0.157,,,,R RIGHT,1 THRU LANE 1,0,,05 LOCAL,01 NON-JUNCTION,01 ON ROADWAY,01 NOT AT INTERSECTION,03 CURB,0,"December 31, 2000",,,,0,,0,,0,,,RCI,0,,,0 UNKNOWN/NOT CODED,33 Q/C VERIFIED AS OFF-SYSTEM,0 NO,01 NOT AT INTERSECTION/RRX/BRIDGE,01 DAYLIGHT,01 CLEAR,01 DRY,00 NOT CODED,0 NOT CODED,NOT CODED,"TWO-WAY, NOT DIVIDED",NOT CODED,NO CONTROLS,,NONE,NOT CODED,NOT CODED,NONE,NOT CODED,NOT CODED,15 PARKED MOTOR VEHICLE,01 FRONT TO REAR,00 NOT CODED,NOT CODED,NOT CODED,00 NOT CODED,00 NOT CODED,00 NOT CODED,00 NOT CODED,01 NO,0,0,0,0,0,0,2,0,N,N,N,N,Y,N,N,N,N,N,N,N,N,N,N,N,N,N,N,N,N,N,N,N,N,N,26.717161964,-80.059375127,593559.143506,2955454.249764,C,U,ARBM15Q1R2,"February 27, 2022",879648,-8912169.169240564,3088179.711399463
2015857681450,2015,857681450,20150006117,COUNTY SHERIFF'S OFFICE,04 FOURTH,PALM BEACH,"April 9, 2015",1032,FRIDAY,9394 WEST PALM BEACH,0694,Y,,PALM BEACH LAKES BLVD,0.009,W,0,0,26.722724,-80.08655,93A05006,0.016,,,,L LEFT,D DRIVEWAY,S SOUTH,,05 LOCAL,01 NON-JUNCTION,01 ON ROADWAY,01 NOT AT INTERSECTION,03 CURB,0,"December 31, 2000",,,,0,,0,,0,,,RCI,0,,,1 NO INJURY,33 Q/C VERIFIED AS OFF-SYSTEM,0 NO,01 NOT AT INTERSECTION/RRX/BRIDGE,01 DAYLIGHT,01 CLEAR,01 DRY,01 LEVEL,1 STRAIGHT,"TWO-WAY, NOT DIVIDED","TWO-WAY, NOT DIVIDED",NO CONTROLS,NO CONTROLS,,NONE,NOT CODED,NOT CODED,NONE,NOT CODED,NOT CODED,14 MOTOR VEHICLE IN TRANSPORT,"04 SIDESWIPE, SAME DIRECTION",05 TURNING RIGHT,OPERATED MV IN CARLESS OR NEGL,NO CONTRIBUTING ACTION,00 NOT CODED,00 NOT CODED,00 NOT CODED,00 NOT CODED,01 NO,0,0,0,0,2,0,2,2,N,N,Y,N,Y,N,N,N,N,N,N,N,N,N,N,N,N,N,N,N,N,N,N,N,N,N,26.722723145,-80.086551002,590851.542889,2956050.558903,C,U,ARBM15Q1R2,"February 27, 2022",879649,-8915194.374738188,3088872.78970408
2015857681480,2015,857681480,20150006107,COUNTY SHERIFF'S OFFICE,04 FOURTH,PALM BEACH,"April 9, 2015",0805,FRIDAY,9394 WEST PALM BEACH,0694,Y,OKEECHOBEE BLVD,TAMARIND AVE S,0.095,W,0,0,26.7060188,-80.0629677,93280000,8.517,02506,SR 704,,R RIGHT,1 THRU LANE 1,E EAST,30 URBAN 6+LN 2WY DIVD RASD,04 COUNTY,01 NON-JUNCTION,01 ON ROADWAY,01 NOT AT INTERSECTION,03 CURB,36,"June 2, 2014",14 URBAN PRIN ART OTHER,34,CURB&GUTTER,2,,0,,0,22,62500,RCI,5.9,,35,1 NO INJURY,31 Q/C COMPLETED - LOC VERIFIED,0 NO,01 NOT AT INTERSECTION/RRX/BRIDGE,01 DAYLIGHT,01 CLEAR,01 DRY,01 LEVEL,1 STRAIGHT,"TWO-WAY, DIVIDED, POSITIVE MED","TWO-WAY, DIVIDED, POSITIVE MED",NOT CODED,NO CONTROLS,6,NONE,NOT CODED,NOT CODED,NONE,NOT CODED,NOT CODED,14 MOTOR VEHICLE IN TRANSPORT,01 FRONT TO REAR,01 STRAIGHT AHEAD,NOT CODED,NO CONTRIBUTING ACTION,00 NOT CODED,00 NOT CODED,00 NOT CODED,00 NOT CODED,01 NO,0,0,0,0,2,0,3,2,N,N,N,N,N,N,N,N,N,N,N,N,N,N,N,N,N,N,N,N,N,N,N,N,N,N,26.705983811,-80.063005033,593207.178214,2954213.457511,R,,ARBM15Q1R2,"February 27, 2022",879650,-8912573.248665592,3086786.7037065914
2015857684440,2015,857684440,20150007106,COUNTY SHERIFF'S OFFICE,04 FOURTH,PALM BEACH,"April 24, 2015",2132,SATURDAY,9394 WEST PALM BEACH,0694,Y,DIXIE HWY S,EDGEWOOD DR,0.009,N,0,0,26.6806231,-80.0546045,93050000,6.175,02171,SR 805,US 1,L LEFT,1 THRU LANE 1,S SOUTH,22 URBAN 4-5LN 2WY UNDIVD,05 LOCAL,01 NON-JUNCTION,01 ON ROADWAY,02 FOUR-WAY INTERSECTION,03 CURB,36,"June 3, 2014",16 URBAN MINOR ART,44,PAVED,7,CURB&GUTTER,2,,0,,16800,RCI,2.3,,35,0 UNKNOWN/NOT CODED,31 Q/C COMPLETED - LOC VERIFIED,0 NO,03 INFLUENCED BY INTERSECTION,04 DARK-LIGHTED,01 CLEAR,01 DRY,01 LEVEL,1 STRAIGHT,NOT CODED,"TWO-WAY, NOT DIVIDED",NO CONTROLS,NO CONTROLS,4,NONE,NOT CODED,NOT CODED,WEATHER CONDITIONS,NOT CODED,NOT CODED,14 MOTOR VEHICLE IN TRANSPORT,01 FRONT TO REAR,01 STRAIGHT AHEAD,NOT CODED,NOT CODED,00 NOT CODED,00 NOT CODED,00 NOT CODED,00 NOT CODED,01 NO,0,0,0,0,0,0,2,0,N,N,N,Y,N,N,N,N,N,N,N,N,N,N,N,N,N,N,N,N,N,N,N,N,N,N,26.680607061,-80.054596784,594064.466917,2951408.816812,C,,ARBM15Q1R2,"February 27, 2022",879651,-8911637.246293325,3083624.791993342
2015857684450,2015,857684450,20150007107,COUNTY SHERIFF'S OFFICE,04 FOURTH,PALM BEACH,"April 24, 2015",2302,SATURDAY,9394 WEST PALM BEACH,0694,Y,SR 5,SR 704,0.001,N,0,0,26.7054939,-80.0537397,93020001,1.308,00694,SR 5,US 1,R RIGHT,1 THRU LANE 1,N NORTH,11 URBAN 2-3LN 2WY DIVD PAVD,05 LOCAL,01 NON-JUNCTION,01 ON ROADWAY,03 T-INTERSECTION,01 PAVED,37,"June 2, 2008",16 URBAN MINOR ART,21,CURB&GUTTER,2,,0,,0,11,15400,RCI,5.3,,35,1 NO INJURY,31 Q/C COMPLETED - LOC VERIFIED,0 NO,02 AT INTERSECTION,04 DARK-LIGHTED,01 CLEAR,01 DRY,01 LEVEL,3 CURVE LEFT,ONE-WAY TRAFFICWAY,ONE-WAY TRAFFICWAY,TRAFFIC CONTROL SIGNAL,NO CONTROLS,3,NONE,NOT CODED,NOT CODED,NONE,NOT CODED,NOT CODED,14 MOTOR VEHICLE IN TRANSPORT,02 FRONT TO FRONT,03 TURNING LEFT,OTHER CONTRIBUTING ACTION,NO CONTRIBUTING ACTION,00 NOT CODED,00 NOT CODED,00 NOT CODED,00 NOT CODED,01 NO,0,0,0,0,2,0,2,5,N,N,N,Y,N,N,N,N,N,N,Y,N,N,N,N,N,N,N,N,N,N,N,N,N,N,N,26.705502696,-80.053736499,594129.607342,2954166.978108,C,,ARBM15Q1R2,"February 27, 2022",879652,-8911541.479925536,3086726.750854347