Crash Id,Calendar Year,FDOT Crash Number,Reporting Agency Case Number,Reporting Agency Type,FDOT Managing District,County Name,Crash Date,Crash Time,Day,DHSMV City,Crash Report City Code,In Town,On Roadway Name,Int Roadway Name,Reference Distance (Miles),Reference Direction,Officer Latitude,Officer Longitude,FDOT Latitude,FDOT Longitude,FDOT Roadway,Nearest Inventory MP,Nearest Node From Crash,State Road #,US Highway,Crash Side of Road,Accident Lane Number,Travel Direction Vehicle 1,FDOT Road Category,DHSMV Road System Id,Relation to Junction,Crash Harmful Event Location,Intersection Type,Shoulder Type,FDOT Roadway SKID Test Result,FDOT Roadway SKID Test Date,Functional Class,RCI Surface Width,RCI Shoulder Type First,RCI Shoulder Width First,RCI Shoulder Type Second,RCI Shoulder Width Second,RCI Shoulder Type Third,RCI Shoulder Width Third,RCI Median Width,Avg Daily Traffic,AADT Source,RCI Avg Per Truck Traffic,RCI Horiz Curve Condition,Posted Speed Limit,Highest Injury in Crash,CAR Status Code,Alcohols/Drug Involved,Site Location,Lighting,Weather,Road Surface,Roadway Grade,Roadway Alignment,Traffic Way Vehicle 1,Traffic Way Vehicle 2,Traffic Control Vehicle 1,Traffic Control Vehicle 2,Count of Lanes,Road Condition 1,Road Condition 2,Road Condition 3,Environment Condition 1,Environment Condition 2,Environment Condition 3,Crash Harmful Event,Manner of Collision,Vehicle Movement,Driver Action Vehicle 1,Driver Action Vehicle 2,Location Within Workzone,Type of Workzone,Workers Present in Workzone,Law Enforcement Present in Workzone,School Bus Related,Count of Nonfatal Injuries,Count of Traffic Fatalities,Count of Serious Injuries,Count of Pedestrians,Count of Drivers,Count of Bicyclists,Count of Vehicles,Count of Persons,Wrong Way,Workzone Inv,Commercial Vehicle Inv,Intersection Inv,Lane Departure,Speeding,Agressive Driving,Impaired Driver,Impaired Pedestrian,Impaired Bicyclist,Distracted Driver,Speeding or Aggressive Driving,Pedestrian Related,Bicyclist Related,Pedestrian or Bicyclist Related,Motorcycle Inv,No Belt,No Belt - Ages 1-4,No Belt - Ages 5-12,No Belt - Ages 13-17,Driver - Ages Teen,Driver - Ages 65 plus,Driver - Ages 65-69,Driver - Ages 70-74,Driver - Ages 75-79,Driver - Ages 80 plus,ARBM Latitude,ARBM Longitude,UTM Zone 17N X,UTM Zone 17N Y,ARBM Side of Road,Urban Rural Indicator,GIS Street Source,Extract Date,OBJECTID,x,y
2015857673860,2015,857673860,20150003477,COUNTY SHERIFF'S OFFICE,04 FOURTH,PALM BEACH,"February 26, 2015",1801,FRIDAY,9394 WEST PALM BEACH,0694,Y,DATURA ST,S OLIVE AVE,0.038,W,0,0,26.712315,-80.052497,93A11516,0.586,,,,L LEFT,1 THRU LANE 1,N NORTH,,05 LOCAL,01 NON-JUNCTION,01 ON ROADWAY,01 NOT AT INTERSECTION,03 CURB,0,"December 31, 2000",,,,0,,0,,0,,,RCI,0,,,2 POSSIBLE INJURY,33 Q/C VERIFIED AS OFF-SYSTEM,0 NO,01 NOT AT INTERSECTION/RRX/BRIDGE,02 DUSK,03 RAIN,02 WET,01 LEVEL,1 STRAIGHT,"TWO-WAY, NOT DIVIDED","TWO-WAY, NOT DIVIDED",NO CONTROLS,NO CONTROLS,,NONE,NOT CODED,NOT CODED,NONE,NOT CODED,NOT CODED,14 MOTOR VEHICLE IN TRANSPORT,03 ANGLE,01 STRAIGHT AHEAD,FAILED TO YIELD RIGHT-OF-WAY,NO CONTRIBUTING ACTION,00 NOT CODED,00 NOT CODED,00 NOT CODED,00 NOT CODED,01 NO,1,0,0,0,2,0,2,3,N,N,N,N,N,N,N,N,N,N,N,N,N,N,N,N,N,N,N,N,N,N,N,N,N,N,26.71231616,-80.052496974,594247.306084,2954922.578713,C,U,ARBM15Q1R2,"February 27, 2022",880830,-8911403.496485494,3087575.816469867
2015857673870,2015,857673870,20150003482,COUNTY SHERIFF'S OFFICE,04 FOURTH,PALM BEACH,"February 26, 2015",1812,FRIDAY,9394 WEST PALM BEACH,0694,Y,DIXIE HWY S,BUNKER RANCH RD,0.008,N,0,0,26.6649583,-80.0555198,93050000,5.093,00115,SR 805,US 1,R RIGHT,1 THRU LANE 1,S SOUTH,22 URBAN 4-5LN 2WY UNDIVD,02 U.S.,02 INTERSECTION,01 ON ROADWAY,02 FOUR-WAY INTERSECTION,03 CURB,34,"June 3, 2014",16 URBAN MINOR ART,46,PAVED,7,CURB&GUTTER,2,,0,,17800,RCI,4.1,,35,1 NO INJURY,31 Q/C COMPLETED - LOC VERIFIED,0 NO,03 INFLUENCED BY INTERSECTION,04 DARK-LIGHTED,03 RAIN,02 WET,01 LEVEL,1 STRAIGHT,NOT CODED,"TWO-WAY, NOT DIVIDED",TRAFFIC CONTROL SIGNAL,TRAFFIC CONTROL SIGNAL,4,NONE,NONE,NOT CODED,NONE,NOT CODED,NOT CODED,14 MOTOR VEHICLE IN TRANSPORT,01 FRONT TO REAR,01 STRAIGHT AHEAD,NOT CODED,NO CONTRIBUTING ACTION,00 NOT CODED,00 NOT CODED,00 NOT CODED,00 NOT CODED,01 NO,0,0,0,0,1,0,2,3,N,N,N,Y,N,N,N,N,N,N,N,N,N,N,N,N,N,N,N,N,N,N,N,N,N,N,26.664929571,-80.055511637,593986.287945,2949671.654815,C,,ARBM15Q1R2,"February 27, 2022",880831,-8911739.08725084,3081671.7476631026
2015857673890,2015,857673890,20150003484,COUNTY SHERIFF'S OFFICE,04 FOURTH,PALM BEACH,"February 26, 2015",1857,FRIDAY,9394 WEST PALM BEACH,0694,Y,45TH ST,METROCENTRE BLVD N,0.006,W,0,0,26.759191,-80.096758,93510000,0.729,,,,R RIGHT,2 THRU LANE 2,E EAST,,04 COUNTY,01 NON-JUNCTION,01 ON ROADWAY,01 NOT AT INTERSECTION,03 CURB,0,"December 31, 2000",,,,0,,0,,0,,,RCI,0,,,2 POSSIBLE INJURY,33 Q/C VERIFIED AS OFF-SYSTEM,0 NO,01 NOT AT INTERSECTION/RRX/BRIDGE,03 DAWN,03 RAIN,02 WET,01 LEVEL,1 STRAIGHT,"TWO-WAY, DIVIDED, POSITIVE MED","TWO-WAY, DIVIDED, POSITIVE MED",NO CONTROLS,NO CONTROLS,,NONE,NOT CODED,NOT CODED,WEATHER CONDITIONS,NOT CODED,NOT CODED,13 ANIMAL,01 FRONT TO REAR,06 CHANGING LANES,FAILED TO KEEP IN PROPER LANE,NO CONTRIBUTING ACTION,00 NOT CODED,00 NOT CODED,00 NOT CODED,00 NOT CODED,01 NO,1,0,0,0,2,0,2,2,N,N,N,N,Y,N,N,N,N,N,Y,N,N,N,N,N,N,N,N,N,N,N,N,N,N,N,26.759188846,-80.096758111,589807.641137,2960082.385163,R,U,ARBM15Q1R2,"February 27, 2022",880832,-8916330.625426188,3093418.2738634166
2015857680740,2015,857680740,20150005821,COUNTY SHERIFF'S OFFICE,04 FOURTH,PALM BEACH,"April 5, 2015",0821,MONDAY,9394 WEST PALM BEACH,0694,Y,PALM BEACH LAKES BLVD,N DIXIE HWY,0.004,W,0,0,26.72447,-80.053271,93014501,0.816,,,,R RIGHT,1 THRU LANE 1,W WEST,,05 LOCAL,01 NON-JUNCTION,01 ON ROADWAY,01 NOT AT INTERSECTION,03 CURB,0,"December 31, 2000",,,,0,,0,,0,,,RCI,0,,,2 POSSIBLE INJURY,33 Q/C VERIFIED AS OFF-SYSTEM,0 NO,01 NOT AT INTERSECTION/RRX/BRIDGE,01 DAYLIGHT,01 CLEAR,01 DRY,01 LEVEL,1 STRAIGHT,"TWO-WAY, NOT DIVIDED","TWO-WAY, NOT DIVIDED",NO CONTROLS,NO CONTROLS,,NONE,NOT CODED,NOT CODED,NONE,NOT CODED,NOT CODED,14 MOTOR VEHICLE IN TRANSPORT,03 ANGLE,03 TURNING LEFT,FAILED TO YIELD RIGHT-OF-WAY,NO CONTRIBUTING ACTION,00 NOT CODED,00 NOT CODED,00 NOT CODED,00 NOT CODED,01 NO,1,0,0,0,2,0,2,2,N,N,N,N,N,N,N,N,N,N,N,N,N,N,N,N,N,N,N,N,N,N,N,N,N,N,26.724466346,-80.053271091,594160.302166,2956267.807916,C,U,ARBM15Q1R2,"February 27, 2022",880833,-8911489.670814767,3089090.0482430155
2015857680770,2015,857680770,20150005825,COUNTY SHERIFF'S OFFICE,04 FOURTH,PALM BEACH,"April 5, 2015",0854,MONDAY,9394 WEST PALM BEACH,0694,Y,N TAMARIND AVE,5TH ST,0.004,S,0,0,26.718093,-80.061882,93027501,1.908,,,,R RIGHT,1 THRU LANE 1,N NORTH,,05 LOCAL,01 NON-JUNCTION,01 ON ROADWAY,01 NOT AT INTERSECTION,03 CURB,0,"December 31, 2000",,,,0,,0,,0,,,RCI,0,,,1 NO INJURY,33 Q/C VERIFIED AS OFF-SYSTEM,0 NO,01 NOT AT INTERSECTION/RRX/BRIDGE,01 DAYLIGHT,01 CLEAR,01 DRY,01 LEVEL,1 STRAIGHT,"TWO-WAY, NOT DIVIDED","TWO-WAY, NOT DIVIDED",NO CONTROLS,NO CONTROLS,,NONE,NONE,NONE,NONE,NONE,NONE,14 MOTOR VEHICLE IN TRANSPORT,01 FRONT TO REAR,01 STRAIGHT AHEAD,OPERATED MV IN CARLESS OR NEGL,NO CONTRIBUTING ACTION,00 NOT CODED,00 NOT CODED,00 NOT CODED,00 NOT CODED,01 NO,0,0,0,0,2,0,2,2,N,N,N,N,N,N,N,N,N,N,N,N,N,N,N,N,N,N,N,N,N,N,N,N,N,N,26.718092921,-80.061879052,593309.318414,2955555.529937,C,U,ARBM15Q1R2,"February 27, 2022",880834,-8912447.904956918,3088295.732176018
2015857683950,2015,857683950,20150006928,COUNTY SHERIFF'S OFFICE,04 FOURTH,PALM BEACH,"April 22, 2015",0750,THURSDAY,9394 WEST PALM BEACH,0694,Y,N JOG RD,VISTA PKWY N,0.152,N,0,0,26.722573,-80.151233,93000220,2.163,,,,L LEFT,L LEFT TURN,S SOUTH,,05 LOCAL,01 NON-JUNCTION,01 ON ROADWAY,01 NOT AT INTERSECTION,03 CURB,0,"December 31, 2000",,,,0,,0,,0,,,RCI,0,,,1 NO INJURY,33 Q/C VERIFIED AS OFF-SYSTEM,0 NO,01 NOT AT INTERSECTION/RRX/BRIDGE,01 DAYLIGHT,01 CLEAR,01 DRY,01 LEVEL,1 STRAIGHT,"TWO-WAY, DIVIDED, UNPROTECTED",,NO CONTROLS,NOT CODED,,NONE,NOT CODED,NOT CODED,NONE,NOT CODED,NOT CODED,24 CURB,77 OTHER (SEE NARRATIVE),01 STRAIGHT AHEAD,FAILED TO KEEP IN PROPER LANE,NOT CODED,00 NOT CODED,00 NOT CODED,00 NOT CODED,00 NOT CODED,01 NO,0,0,0,0,1,0,1,1,N,N,N,N,Y,N,N,N,N,N,N,N,N,N,N,N,N,N,N,N,N,N,N,N,N,N,26.722572496,-80.151228316,584418.562085,2955989.382998,L,U,ARBM15Q1R2,"February 27, 2022",880835,-8922394.22246898,3088854.0139826657
2015857684070,2015,857684070,20150006970,COUNTY SHERIFF'S OFFICE,04 FOURTH,PALM BEACH,"April 22, 2015",1808,THURSDAY,9394 WEST PALM BEACH,0694,Y,SR 704,I 95,0.004,W,0,0,26.7059898,-80.0756669,93280000,7.729,01750,SR 704,,R RIGHT,H ISLAND AREA,E EAST,30 URBAN 6+LN 2WY DIVD RASD,03 STATE,01 NON-JUNCTION,01 ON ROADWAY,03 T-INTERSECTION,03 CURB,32,"June 2, 2014",14 URBAN PRIN ART OTHER,34,PAVED,5,CURB&GUTTER,2,,0,18,63000,RCI,10.8,,45,2 POSSIBLE INJURY,31 Q/C COMPLETED - LOC VERIFIED,0 NO,02 AT INTERSECTION,01 DAYLIGHT,01 CLEAR,02 WET,04 DOWNHILL,1 STRAIGHT,"TWO-WAY, DIVIDED, POSITIVE MED","TWO-WAY, DIVIDED, POSITIVE MED",TRAFFIC CONTROL SIGNAL,TRAFFIC CONTROL SIGNAL,7,"RD SURFC (WET, ICY, SNOW, ETC)",NOT CODED,NOT CODED,NONE,NOT CODED,NOT CODED,14 MOTOR VEHICLE IN TRANSPORT,01 FRONT TO REAR,14 SLOWING,NO CONTRIBUTING ACTION,NO CONTRIBUTING ACTION,00 NOT CODED,00 NOT CODED,00 NOT CODED,00 NOT CODED,01 NO,1,0,0,0,2,0,2,2,N,N,N,Y,N,N,N,N,N,N,N,N,N,N,N,N,N,N,N,N,N,N,N,N,N,N,26.705962474,-80.075720512,591942.262138,2954201.859797,R,,ARBM15Q1R2,"February 27, 2022",880960,-8913988.729743369,3086784.04488145
2015857676680,2015,857676680,20150004459,COUNTY SHERIFF'S OFFICE,04 FOURTH,PALM BEACH,"March 14, 2015",0645,SUNDAY,9394 WEST PALM BEACH,0694,Y,OKEECHOBEE BLVD,FIRE STATION # 23,0.008,W,0,0,26.7066825,-80.1003182,93280000,6.206,03983,SR 704,,R RIGHT,L LEFT TURN,0,30 URBAN 6+LN 2WY DIVD RASD,03 STATE,01 NON-JUNCTION,01 ON ROADWAY,01 NOT AT INTERSECTION,03 CURB,31,"June 2, 2014",14 URBAN PRIN ART OTHER,33,PAVED,3,CURB&GUTTER,2,,0,29,69000,RCI,3.6,,45,1 NO INJURY,31 Q/C COMPLETED - LOC VERIFIED,0 NO,04 DRIVEWAY ACCESS,04 DARK-LIGHTED,01 CLEAR,01 DRY,00 NOT CODED,0 NOT CODED,NOT CODED,"TWO-WAY, DIVIDED, POSITIVE MED",NOT CODED,NO CONTROLS,7,NONE,NOT CODED,NOT CODED,NONE,NOT CODED,NOT CODED,14 MOTOR VEHICLE IN TRANSPORT,01 FRONT TO REAR,00 NOT CODED,NOT CODED,NO CONTRIBUTING ACTION,00 NOT CODED,00 NOT CODED,00 NOT CODED,00 NOT CODED,01 NO,0,0,0,0,1,0,2,4,N,N,N,N,N,N,N,N,N,N,N,N,N,N,N,N,N,N,N,N,N,N,N,N,N,N,26.706645428,-80.100409715,589485.658776,2954259.935971,R,,ARBM15Q1R2,"February 27, 2022",880987,-8916737.11999692,3086869.1497308724
2015857684090,2015,857684090,20150006987,COUNTY SHERIFF'S OFFICE,04 FOURTH,PALM BEACH,"April 23, 2015",0015,FRIDAY,9394 WEST PALM BEACH,0694,Y,46TH ST,PINEWOOD AVE,0,E,0,0,26.753754,-80.05963,93A10626,0,,,,R RIGHT,S SIDE OF ROAD,E EAST,,05 LOCAL,01 NON-JUNCTION,01 ON ROADWAY,06 ROUNDABOUT,01 PAVED,0,"December 31, 2000",,,,0,,0,,0,,,RCI,0,,,1 NO INJURY,33 Q/C VERIFIED AS OFF-SYSTEM,0 NO,01 NOT AT INTERSECTION/RRX/BRIDGE,04 DARK-LIGHTED,01 CLEAR,01 DRY,01 LEVEL,3 CURVE LEFT,"TWO-WAY, NOT DIVIDED",,NO CONTROLS,NOT CODED,,NONE,NOT CODED,NOT CODED,NONE,NOT CODED,NOT CODED,01 OVERTURN/ROLLOVER,77 OTHER (SEE NARRATIVE),03 TURNING LEFT,NO CONTRIBUTING ACTION,NOT CODED,00 NOT CODED,00 NOT CODED,00 NOT CODED,00 NOT CODED,01 NO,0,0,0,0,1,0,1,1,N,N,N,N,N,N,N,N,N,N,N,N,N,N,N,N,N,N,N,N,N,N,N,N,N,N,26.753755063,-80.059627332,593504.1268,2959507.2625,C,U,ARBM15Q1R2,"February 27, 2022",881091,-8912197.244734412,3092740.855367966
2015857684120,2015,857684120,20150007004,COUNTY SHERIFF'S OFFICE,04 FOURTH,PALM BEACH,"April 23, 2015",0837,FRIDAY,9394 WEST PALM BEACH,0694,Y,45TH ST,CORPORATE WAY,0.004,E,0,0,26.758984,-80.088609,93510000,1.232,,,,L LEFT,1 THRU LANE 1,W WEST,,04 COUNTY,01 NON-JUNCTION,01 ON ROADWAY,01 NOT AT INTERSECTION,03 CURB,0,"December 31, 2000",,,,0,,0,,0,,,RCI,0,,,1 NO INJURY,33 Q/C VERIFIED AS OFF-SYSTEM,0 NO,01 NOT AT INTERSECTION/RRX/BRIDGE,01 DAYLIGHT,01 CLEAR,01 DRY,01 LEVEL,1 STRAIGHT,"TWO-WAY, DIVIDED, POSITIVE MED","TWO-WAY, DIVIDED, POSITIVE MED",NO CONTROLS,NO CONTROLS,,NONE,NOT CODED,NOT CODED,NONE,NOT CODED,NOT CODED,14 MOTOR VEHICLE IN TRANSPORT,01 FRONT TO REAR,01 STRAIGHT AHEAD,OPERATED MV IN CARLESS OR NEGL,NO CONTRIBUTING ACTION,00 NOT CODED,00 NOT CODED,00 NOT CODED,00 NOT CODED,01 NO,0,0,0,0,3,0,3,4,N,N,N,N,N,N,N,N,N,N,N,N,N,N,N,N,N,N,N,N,N,Y,Y,N,N,N,26.758981642,-80.088609172,590618.079958,2960065.212136,L,U,ARBM15Q1R2,"February 27, 2022",881093,-8915423.489300087,3093392.4415497794
2015857684210,2015,857684210,20150007036,COUNTY SHERIFF'S OFFICE,04 FOURTH,PALM BEACH,"April 23, 2015",1712,FRIDAY,9394 WEST PALM BEACH,0694,Y,PALM BEACH LAKES BLVD,PALM BEACH LAKES BLVD,0,E,0,0,26.708495,-80.098934,93014500,0.161,,,,L LEFT,2 THRU LANE 2,W WEST,,05 LOCAL,03 INTERSECTION-RELATED,01 ON ROADWAY,01 NOT AT INTERSECTION,03 CURB,0,"December 31, 2000",,,,0,,0,,0,,,RCI,0,,,1 NO INJURY,33 Q/C VERIFIED AS OFF-SYSTEM,0 NO,03 INFLUENCED BY INTERSECTION,01 DAYLIGHT,02 CLOUDY,02 WET,01 LEVEL,1 STRAIGHT,"TWO-WAY, DIVIDED, POSITIVE MED","TWO-WAY, DIVIDED, POSITIVE MED",STOP SIGN,NO CONTROLS,,NONE,NOT CODED,NOT CODED,NONE,NOT CODED,NOT CODED,14 MOTOR VEHICLE IN TRANSPORT,03 ANGLE,17 ENTERING TRAFFIC LANE,FAILED TO YIELD RIGHT-OF-WAY,NO CONTRIBUTING ACTION,00 NOT CODED,00 NOT CODED,00 NOT CODED,00 NOT CODED,01 NO,0,0,0,0,2,0,2,2,N,N,N,Y,N,N,Y,N,N,N,N,Y,N,N,N,N,N,N,N,N,N,N,N,N,N,N,26.708496472,-80.09893612,589630.800897,2954465.99818,L,U,ARBM15Q1R2,"February 27, 2022",881094,-8916573.08007142,3087099.816420983
2015857676790,2015,857676790,20150004492,COUNTY SHERIFF'S OFFICE,04 FOURTH,PALM BEACH,"March 14, 2015",2044,SUNDAY,9394 WEST PALM BEACH,0694,Y,OKEECHOBEE BLVD,LOXAHATCHEE DR,0.009,W,0,0,26.7064094,-80.0899096,93280000,6.849,01742,SR 704,,R RIGHT,4 THRU LANE 4,E EAST,30 URBAN 6+LN 2WY DIVD RASD,03 STATE,01 NON-JUNCTION,01 ON ROADWAY,01 NOT AT INTERSECTION,03 CURB,31,"June 2, 2014",14 URBAN PRIN ART OTHER,44,PAVED,3,CURB&GUTTER,2,,0,17,44500,RCI,5.9,,45,2 POSSIBLE INJURY,31 Q/C COMPLETED - LOC VERIFIED,0 NO,03 INFLUENCED BY INTERSECTION,04 DARK-LIGHTED,01 CLEAR,01 DRY,01 LEVEL,1 STRAIGHT,"TWO-WAY, DIVIDED, POSITIVE MED",NOT CODED,TRAFFIC CONTROL SIGNAL,NOT CODED,8,NONE,NOT CODED,NOT CODED,NONE,NOT CODED,NOT CODED,14 MOTOR VEHICLE IN TRANSPORT,01 FRONT TO REAR,01 STRAIGHT AHEAD,OPERATED MV IN CARLESS OR NEGL,NOT CODED,00 NOT CODED,00 NOT CODED,00 NOT CODED,00 NOT CODED,01 NO,2,0,0,0,1,0,2,2,N,N,N,Y,N,N,N,N,N,N,Y,N,N,N,N,N,N,N,N,N,N,N,N,N,N,N,26.706365065,-80.089985,590522.91848,2954236.24281,R,,ARBM15Q1R2,"February 27, 2022",881118,-8915576.645671826,3086834.212794655
2015857676800,2015,857676800,20150004495,COUNTY SHERIFF'S OFFICE,04 FOURTH,PALM BEACH,"March 14, 2015",2059,SUNDAY,9394 WEST PALM BEACH,0694,Y,S SAPODILLA AVE,IRIS ST,0.019,N,0,0,26.707879,-80.058821,93000299,0.142,,,,L LEFT,P PARKING,S SOUTH,,05 LOCAL,01 NON-JUNCTION,01 ON ROADWAY,01 NOT AT INTERSECTION,03 CURB,0,"December 31, 2000",,,,0,,0,,0,,,RCI,0,,,1 NO INJURY,33 Q/C VERIFIED AS OFF-SYSTEM,0 NO,01 NOT AT INTERSECTION/RRX/BRIDGE,04 DARK-LIGHTED,01 CLEAR,01 DRY,01 LEVEL,1 STRAIGHT,"TWO-WAY, NOT DIVIDED","TWO-WAY, NOT DIVIDED",NO CONTROLS,NO CONTROLS,,NONE,NOT CODED,NOT CODED,NONE,NOT CODED,NOT CODED,14 MOTOR VEHICLE IN TRANSPORT,"04 SIDESWIPE, SAME DIRECTION",01 STRAIGHT AHEAD,OPERATED MV IN CARLESS OR NEGL,NOT CODED,00 NOT CODED,00 NOT CODED,00 NOT CODED,00 NOT CODED,01 NO,0,0,0,0,1,0,3,1,N,N,N,N,Y,N,N,N,N,N,Y,N,N,N,N,N,N,N,N,N,N,N,N,N,N,N,26.707878961,-80.058819356,593622.019251,2954426.438504,C,U,ARBM15Q1R2,"February 27, 2022",881119,-8912107.301027795,3087022.865352759
2015857676830,2015,857676830,20150004508,COUNTY SHERIFF'S OFFICE,04 FOURTH,PALM BEACH,"March 15, 2015",0800,MONDAY,9394 WEST PALM BEACH,0694,Y,MONCEAUX RD,DIXIE HWY S,0.028,W,0,0,26.6876679,-80.0544369,93050000,6.661,02176,SR 805,US 1,T SIDE RD LEFT,1 THRU LANE 1,E EAST,22 URBAN 4-5LN 2WY UNDIVD,05 LOCAL,01 NON-JUNCTION,01 ON ROADWAY,01 NOT AT INTERSECTION,03 CURB,36,"June 3, 2014",16 URBAN MINOR ART,43,PAVED,8,CURB&GUTTER,2,,0,,17400,RCI,4.2,,35,3 NO-INCAPACITATING INJURY,31 Q/C COMPLETED - LOC VERIFIED,0 NO,04 DRIVEWAY ACCESS,01 DAYLIGHT,01 CLEAR,01 DRY,01 LEVEL,1 STRAIGHT,"TWO-WAY, NOT DIVIDED","TWO-WAY, NOT DIVIDED",NO CONTROLS,NO CONTROLS,4,NONE,NOT CODED,NOT CODED,GLARE,NOT CODED,NOT CODED,14 MOTOR VEHICLE IN TRANSPORT,03 ANGLE,01 STRAIGHT AHEAD,OTHER CONTRIBUTING ACTION,NOT CODED,00 NOT CODED,00 NOT CODED,00 NOT CODED,00 NOT CODED,01 NO,1,0,0,0,1,0,2,3,N,N,Y,N,Y,N,N,N,N,N,N,N,N,N,N,N,N,N,N,N,N,Y,N,Y,N,N,26.687659573,-80.054434472,594074.827513,2952190.096093,C,,ARBM15Q1R2,"February 27, 2022",881120,-8911619.177791867,3084503.455663939
2015857676840,2015,857676840,20150004510,COUNTY SHERIFF'S OFFICE,04 FOURTH,PALM BEACH,"March 15, 2015",0819,MONDAY,9394 WEST PALM BEACH,0694,Y,PALM BEACH LAKES BLVD,N AUSTRALIAN AVE,0.015,W,0,0,26.724699,-80.066931,93014500,2.678,,,,R RIGHT,1 THRU LANE 1,E EAST,,05 LOCAL,01 NON-JUNCTION,01 ON ROADWAY,01 NOT AT INTERSECTION,03 CURB,0,"December 31, 2000",,,,0,,0,,0,,,RCI,0,,,1 NO INJURY,33 Q/C VERIFIED AS OFF-SYSTEM,0 NO,01 NOT AT INTERSECTION/RRX/BRIDGE,01 DAYLIGHT,01 CLEAR,01 DRY,01 LEVEL,1 STRAIGHT,"TWO-WAY, DIVIDED, POSITIVE MED","TWO-WAY, DIVIDED, POSITIVE MED",NO CONTROLS,NO CONTROLS,,NONE,NOT CODED,NOT CODED,NONE,NOT CODED,NOT CODED,14 MOTOR VEHICLE IN TRANSPORT,01 FRONT TO REAR,01 STRAIGHT AHEAD,NOT CODED,NO CONTRIBUTING ACTION,00 NOT CODED,00 NOT CODED,00 NOT CODED,00 NOT CODED,01 NO,0,0,0,0,1,0,2,1,N,N,N,N,N,N,N,N,N,N,N,N,N,N,N,N,N,N,N,N,N,N,N,N,N,N,26.724701012,-80.066930939,592801.450248,2956283.776622,R,U,ARBM15Q1R2,"February 27, 2022",881121,-8913010.278732141,3089119.2953703343
2015857683980,2015,857683980,20150006947,COUNTY SHERIFF'S OFFICE,04 FOURTH,PALM BEACH,"April 22, 2015",1223,THURSDAY,9394 WEST PALM BEACH,0694,Y,PALM BEACH LAKES BLVD,W EXECUTIVE CENTER DR,0,E,0,0,26.721069,-80.087558,93014500,1.289,,,,I INTERSECTION,M MIDDLE,W WEST,,05 LOCAL,02 INTERSECTION,01 ON ROADWAY,02 FOUR-WAY INTERSECTION,03 CURB,0,"December 31, 2000",,,,0,,0,,0,,,RCI,0,,,1 NO INJURY,33 Q/C VERIFIED AS OFF-SYSTEM,0 NO,02 AT INTERSECTION,01 DAYLIGHT,03 RAIN,02 WET,01 LEVEL,1 STRAIGHT,"TWO-WAY, DIVIDED, POSITIVE MED","TWO-WAY, DIVIDED, POSITIVE MED",TRAFFIC CONTROL SIGNAL,TRAFFIC CONTROL SIGNAL,,NONE,NOT CODED,NOT CODED,NONE,NOT CODED,NOT CODED,14 MOTOR VEHICLE IN TRANSPORT,03 ANGLE,01 STRAIGHT AHEAD,OPERATED MV IN CARLESS OR NEGL,NO CONTRIBUTING ACTION,00 NOT CODED,00 NOT CODED,00 NOT CODED,00 NOT CODED,01 NO,0,0,0,0,2,0,2,3,N,N,N,Y,N,N,N,N,N,N,N,N,N,N,N,N,N,N,N,N,N,Y,Y,N,N,N,26.721067132,-80.087555453,590752.948909,2955866.417571,R,U,ARBM15Q1R2,"February 27, 2022",881383,-8915306.189677276,3088666.4007154386
2015857684010,2015,857684010,20150006956,COUNTY SHERIFF'S OFFICE,04 FOURTH,PALM BEACH,"April 22, 2015",1445,THURSDAY,9394 WEST PALM BEACH,0694,Y,VILLAGE BLVD,CUMBERLAND DR,0.095,N,0,0,26.746984,-80.090848,93577000,3.257,,,,R RIGHT,S SIDE OF ROAD,N NORTH,,05 LOCAL,01 NON-JUNCTION,01 ON ROADWAY,01 NOT AT INTERSECTION,03 CURB,0,"December 31, 2000",,,,0,,0,,0,,,RCI,0,,,3 NO-INCAPACITATING INJURY,33 Q/C VERIFIED AS OFF-SYSTEM,1 ALC,01 NOT AT INTERSECTION/RRX/BRIDGE,01 DAYLIGHT,03 RAIN,02 WET,01 LEVEL,3 CURVE LEFT,"TWO-WAY, DIVIDED, POSITIVE MED",,NO CONTROLS,NOT CODED,,NONE,NONE,NONE,NONE,NONE,NONE,24 CURB,77 OTHER (SEE NARRATIVE),01 STRAIGHT AHEAD,OPERATED MV IN CARLESS OR NEGL,NOT CODED,00 NOT CODED,00 NOT CODED,00 NOT CODED,00 NOT CODED,01 NO,1,0,0,0,1,0,1,1,N,N,N,N,Y,N,N,N,N,N,N,N,N,N,N,N,N,N,N,N,N,N,N,N,N,N,26.746983987,-80.090847735,590404.985015,2958734.715418,R,U,ARBM15Q1R2,"February 27, 2022",881385,-8915672.685082182,3091896.764320978
2015857684030,2015,857684030,20150006958,COUNTY SHERIFF'S OFFICE,04 FOURTH,PALM BEACH,"April 22, 2015",1521,THURSDAY,9394 WEST PALM BEACH,0694,Y,OKEECHOBEE BLVD,I 95,0.047,W,0,0,26.7060209,-80.0763622,93280000,7.686,04893,SR 704,,L LEFT,4 THRU LANE 4,W WEST,30 URBAN 6+LN 2WY DIVD RASD,04 COUNTY,01 NON-JUNCTION,01 ON ROADWAY,01 NOT AT INTERSECTION,03 CURB,32,"June 2, 2014",14 URBAN PRIN ART OTHER,34,PAVED,5,CURB&GUTTER,2,,0,18,63000,RCI,10.8,,45,1 NO INJURY,31 Q/C COMPLETED - LOC VERIFIED,0 NO,01 NOT AT INTERSECTION/RRX/BRIDGE,01 DAYLIGHT,03 RAIN,02 WET,01 LEVEL,1 STRAIGHT,"TWO-WAY, DIVIDED, POSITIVE MED","TWO-WAY, DIVIDED, POSITIVE MED",NO CONTROLS,NO CONTROLS,7,NONE,NOT CODED,NOT CODED,NONE,NOT CODED,NOT CODED,14 MOTOR VEHICLE IN TRANSPORT,03 ANGLE,03 TURNING LEFT,OPERATED MV IN CARLESS OR NEGL,NO CONTRIBUTING ACTION,00 NOT CODED,00 NOT CODED,00 NOT CODED,00 NOT CODED,01 NO,0,0,0,0,2,0,2,2,N,N,N,N,N,Y,N,N,N,N,N,Y,N,N,N,N,N,N,N,N,N,N,N,N,N,N,26.706147444,-80.076126145,591901.761472,2954222.055093,L,,ARBM15Q1R2,"February 27, 2022",881386,-8914033.88447061,3086807.094416547