Crash Id,Calendar Year,FDOT Crash Number,Reporting Agency Case Number,Reporting Agency Type,FDOT Managing District,County Name,Crash Date,Crash Time,Day,DHSMV City,Crash Report City Code,In Town,On Roadway Name,Int Roadway Name,Reference Distance (Miles),Reference Direction,Officer Latitude,Officer Longitude,FDOT Latitude,FDOT Longitude,FDOT Roadway,Nearest Inventory MP,Nearest Node From Crash,State Road #,US Highway,Crash Side of Road,Accident Lane Number,Travel Direction Vehicle 1,FDOT Road Category,DHSMV Road System Id,Relation to Junction,Crash Harmful Event Location,Intersection Type,Shoulder Type,FDOT Roadway SKID Test Result,FDOT Roadway SKID Test Date,Functional Class,RCI Surface Width,RCI Shoulder Type First,RCI Shoulder Width First,RCI Shoulder Type Second,RCI Shoulder Width Second,RCI Shoulder Type Third,RCI Shoulder Width Third,RCI Median Width,Avg Daily Traffic,AADT Source,RCI Avg Per Truck Traffic,RCI Horiz Curve Condition,Posted Speed Limit,Highest Injury in Crash,CAR Status Code,Alcohols/Drug Involved,Site Location,Lighting,Weather,Road Surface,Roadway Grade,Roadway Alignment,Traffic Way Vehicle 1,Traffic Way Vehicle 2,Traffic Control Vehicle 1,Traffic Control Vehicle 2,Count of Lanes,Road Condition 1,Road Condition 2,Road Condition 3,Environment Condition 1,Environment Condition 2,Environment Condition 3,Crash Harmful Event,Manner of Collision,Vehicle Movement,Driver Action Vehicle 1,Driver Action Vehicle 2,Location Within Workzone,Type of Workzone,Workers Present in Workzone,Law Enforcement Present in Workzone,School Bus Related,Count of Nonfatal Injuries,Count of Traffic Fatalities,Count of Serious Injuries,Count of Pedestrians,Count of Drivers,Count of Bicyclists,Count of Vehicles,Count of Persons,Wrong Way,Workzone Inv,Commercial Vehicle Inv,Intersection Inv,Lane Departure,Speeding,Agressive Driving,Impaired Driver,Impaired Pedestrian,Impaired Bicyclist,Distracted Driver,Speeding or Aggressive Driving,Pedestrian Related,Bicyclist Related,Pedestrian or Bicyclist Related,Motorcycle Inv,No Belt,No Belt - Ages 1-4,No Belt - Ages 5-12,No Belt - Ages 13-17,Driver - Ages Teen,Driver - Ages 65 plus,Driver - Ages 65-69,Driver - Ages 70-74,Driver - Ages 75-79,Driver - Ages 80 plus,ARBM Latitude,ARBM Longitude,UTM Zone 17N X,UTM Zone 17N Y,ARBM Side of Road,Urban Rural Indicator,GIS Street Source,Extract Date,OBJECTID,x,y
2015845414270,2015,845414270,FHPL15OFF081221,FLORIDA HIGHWAY PATROL,04 FOURTH,PALM BEACH,"December 17, 2015",2337,FRIDAY,9394 WEST PALM BEACH,0694,Y,OKEECHOBEE BLVD,CHURCH ST,0.009,W,26.70634,-80.082905,26.7062091,-80.0820758,93280000,7.333,01746,SR 704,,L LEFT,1 THRU LANE 1,W WEST,30 URBAN 6+LN 2WY DIVD RASD,03 STATE,03 INTERSECTION-RELATED,01 ON ROADWAY,02 FOUR-WAY INTERSECTION,01 PAVED,31,"June 2, 2014",14 URBAN PRIN ART OTHER,44,PAVED,3,CURB&GUTTER,2,,0,18,44500,RCI,5.9,,45,1 NO INJURY,31 Q/C COMPLETED - LOC VERIFIED,1 ALC,01 NOT AT INTERSECTION/RRX/BRIDGE,04 DARK-LIGHTED,01 CLEAR,01 DRY,01 LEVEL,1 STRAIGHT,"TWO-WAY, DIVIDED, POSITIVE MED","TWO-WAY, DIVIDED, POSITIVE MED",NO CONTROLS,NO CONTROLS,8,NONE,NOT CODED,NOT CODED,NONE,NOT CODED,NOT CODED,14 MOTOR VEHICLE IN TRANSPORT,01 FRONT TO REAR,01 STRAIGHT AHEAD,OTHER CONTRIBUTING ACTION,NO CONTRIBUTING ACTION,00 NOT CODED,00 NOT CODED,00 NOT CODED,00 NOT CODED,01 NO,0,0,0,0,2,0,2,2,N,N,N,N,N,N,N,Y,N,N,N,N,N,N,N,N,N,N,N,N,N,N,N,N,N,N,26.706354629,-80.081859441,591331.250809,2954240.882936,L,,ARBM15Q1R2,"February 27, 2022",963483,-8914672.112320477,3086832.91229852
2015845461420,2015,845461420,FHPL15OFF028571,FLORIDA HIGHWAY PATROL,04 FOURTH,PALM BEACH,"May 6, 2015",1300,THURSDAY,9394 WEST PALM BEACH,0694,N,I 95,SR 882,0.2,S,26.65063,-80.0683599,26.6524108,-80.0687753,93220000,23.308,02216,SR 9,I 95,R RIGHT,4 THRU LANE 4,N NORTH,01 INTERSTATE URBAN,01 INTERSTATE,01 NON-JUNCTION,01 ON ROADWAY,01 NOT AT INTERSECTION,01 PAVED,35,"June 2, 2015",11 URBAN PRIN ART INT.,64,PAVED WARN,10,,0,,0,32,226000,RCI,5.7,,65,1 NO INJURY,31 Q/C COMPLETED - LOC VERIFIED,0 NO,01 NOT AT INTERSECTION/RRX/BRIDGE,01 DAYLIGHT,02 CLOUDY,01 DRY,01 LEVEL,1 STRAIGHT,"TWO-WAY, DIVIDED, POSITIVE MED","TWO-WAY, DIVIDED, POSITIVE MED",NO CONTROLS,NO CONTROLS,10,NONE,NOT CODED,NOT CODED,NONE,NOT CODED,NOT CODED,14 MOTOR VEHICLE IN TRANSPORT,"04 SIDESWIPE, SAME DIRECTION",77 OTHER (SEE NARRATIVE),OTHER CONTRIBUTING ACTION,OTHER CONTRIBUTING ACTION,00 NOT CODED,00 NOT CODED,00 NOT CODED,00 NOT CODED,01 NO,0,0,0,0,2,0,2,2,N,N,Y,N,Y,N,N,N,N,N,N,N,N,N,N,N,N,N,N,N,N,N,N,N,N,N,26.652162957,-80.068737605,592680.411149,2948247.921194,R,,ARBM15Q1R2,"February 27, 2022",963578,-8913211.395714479,3080081.527909802
2015845461440,2015,845461440,FHPL15OFF032605,FLORIDA HIGHWAY PATROL,04 FOURTH,PALM BEACH,"May 22, 2015",2212,SATURDAY,9394 WEST PALM BEACH,0694,N,I 95,BLUE HERON BLVD,0.189,S,26.78331,-80.0978999,26.7803599,-80.0995484,93220076,0.189,01214,SR 9,I 95,L LEFT,X RAMP,S SOUTH,08 RAMP RURAL,01 INTERSTATE,14 ENTRANCE/EXIT RAMP,01 ON ROADWAY,01 NOT AT INTERSECTION,01 PAVED,0,"December 31, 2000",,24,PAVED,10,,0,,0,,23500,RCI,8,,,2 POSSIBLE INJURY,31 Q/C COMPLETED - LOC VERIFIED,0 NO,07 ENTRANCE RAMP,04 DARK-LIGHTED,02 CLOUDY,02 WET,01 LEVEL,1 STRAIGHT,ONE-WAY TRAFFICWAY,"TWO-WAY, DIVIDED, POSITIVE MED",NO CONTROLS,NO CONTROLS,2,NONE,NOT CODED,NOT CODED,NONE,NOT CODED,NOT CODED,14 MOTOR VEHICLE IN TRANSPORT,01 FRONT TO REAR,01 STRAIGHT AHEAD,OPERATED MV IN CARLESS OR NEGL,NO CONTRIBUTING ACTION,00 NOT CODED,00 NOT CODED,00 NOT CODED,00 NOT CODED,01 NO,2,0,0,0,2,0,2,3,N,N,N,N,N,N,N,N,N,N,N,N,N,N,N,N,N,N,N,N,N,N,N,N,N,N,26.780343362,-80.099538063,589514.634484,2962423.5801,O,,ARBM15Q1R2,"February 27, 2022",963580,-8916640.088338468,3096055.8727940274
2015845461360,2015,845461360,FHPL15OFF028119,FLORIDA HIGHWAY PATROL,04 FOURTH,PALM BEACH,"May 4, 2015",1105,TUESDAY,9394 WEST PALM BEACH,0694,N,I 95,BELVEDERE RD,0.1,N,26.69066,-80.06622,26.6892236,-80.0681215,93220159,0.06,04944,SR 9,I 95,L LEFT,X RAMP,S SOUTH,07 RAMP URBAN,01 INTERSTATE,14 ENTRANCE/EXIT RAMP,02 OFF ROADWAY,01 NOT AT INTERSECTION,02 UNPAVED,0,"December 31, 2000",,15,PAVED,2,LAWN,12,,0,,5600,RCI,5.9,,,3 NO-INCAPACITATING INJURY,31 Q/C COMPLETED - LOC VERIFIED,0 NO,08 EXIT RAMP,01 DAYLIGHT,02 CLOUDY,02 WET,04 DOWNHILL,2 CURVE RIGHT,ONE-WAY TRAFFICWAY,,NO CONTROLS,NOT CODED,1,NONE,NOT CODED,NOT CODED,NONE,NOT CODED,NOT CODED,21 BRIDGE PIER OR SUPPORT,77 OTHER (SEE NARRATIVE),01 STRAIGHT AHEAD,OPERATED MV IN CARLESS OR NEGL,NOT CODED,00 NOT CODED,00 NOT CODED,00 NOT CODED,00 NOT CODED,01 NO,1,0,0,0,1,0,1,1,N,N,N,N,Y,N,N,N,N,N,N,N,N,N,N,N,N,N,N,N,Y,N,N,N,N,N,26.689229625,-80.068116422,592712.259745,2952353.982,O,,ARBM15Q1R2,"February 27, 2022",963709,-8913142.245995838,3084699.0737734977
2015845444720,2015,845444720,FHPL15OFF006391,FLORIDA HIGHWAY PATROL,04 FOURTH,PALM BEACH,"January 30, 2015",0144,SATURDAY,9394 WEST PALM BEACH,0694,N,I 95,PALM BEACH LAKES BLVD,0.189,N,26.71937,-80.0892099,26.4741351,-80.0878875,93220000,10.813,05030,SR 9,I 95,M MEDIAN,M MIDDLE,S SOUTH,01 INTERSTATE URBAN,01 INTERSTATE,01 NON-JUNCTION,01 ON ROADWAY,01 NOT AT INTERSECTION,01 PAVED,38,"June 2, 2015",11 URBAN PRIN ART INT.,64,PAVED WARN,10,LAWN,12,,0,32,195661,RCI,6.1,,65,2 POSSIBLE INJURY,31 Q/C COMPLETED - LOC VERIFIED,0 NO,01 NOT AT INTERSECTION/RRX/BRIDGE,04 DARK-LIGHTED,01 CLEAR,01 DRY,01 LEVEL,1 STRAIGHT,"TWO-WAY, DIVIDED, POSITIVE MED",,NO CONTROLS,NOT CODED,10,NONE,NOT CODED,NOT CODED,NONE,NOT CODED,NOT CODED,30 CONCRETE TRAFFIC BARRIER,77 OTHER (SEE NARRATIVE),01 STRAIGHT AHEAD,NO CONTRIBUTING ACTION,NOT CODED,00 NOT CODED,00 NOT CODED,00 NOT CODED,00 NOT CODED,01 NO,1,0,0,0,1,0,1,1,N,N,N,N,Y,N,N,N,N,N,N,N,N,N,N,N,N,N,N,N,N,N,N,N,N,N,26.47377931,-80.088043086,590899.648064,2928476.133049,R,,ARBM15Q1R2,"February 27, 2022",963715,-8915360.472010389,3057880.465078537
2015845508860,2015,845508860,FHPL15OFF001480,FLORIDA HIGHWAY PATROL,04 FOURTH,PALM BEACH,"January 7, 2015",0535,THURSDAY,9394 WEST PALM BEACH,0694,Y,I 95,PALM BEACH LAKES BLVD,1,N,26.7372216,-80.0911267,26.73104,-80.091024,93220000,29.294,01187,SR 9,I 95,L LEFT,4 THRU LANE 4,S SOUTH,01 INTERSTATE URBAN,01 INTERSTATE,01 NON-JUNCTION,01 ON ROADWAY,01 NOT AT INTERSECTION,01 PAVED,35,"June 2, 2015",11 URBAN PRIN ART INT.,78,PAVED WARN,11,LAWN,12,,0,32,214000,RCI,7.4,,65,1 NO INJURY,31 Q/C COMPLETED - LOC VERIFIED,0 NO,01 NOT AT INTERSECTION/RRX/BRIDGE,04 DARK-LIGHTED,02 CLOUDY,01 DRY,01 LEVEL,1 STRAIGHT,"TWO-WAY, DIVIDED, POSITIVE MED","TWO-WAY, DIVIDED, POSITIVE MED",OTHER (SEE NARRATIVE),OTHER (SEE NARRATIVE),11,NONE,NOT CODED,NOT CODED,NONE,NOT CODED,NOT CODED,14 MOTOR VEHICLE IN TRANSPORT,"04 SIDESWIPE, SAME DIRECTION",06 CHANGING LANES,FAILED TO YIELD RIGHT-OF-WAY,NO CONTRIBUTING ACTION,00 NOT CODED,00 NOT CODED,00 NOT CODED,00 NOT CODED,01 NO,0,0,0,0,2,0,2,2,N,N,Y,N,Y,N,N,N,N,N,Y,N,N,N,N,N,N,N,N,N,N,N,N,N,N,N,26.730835689,-80.091337745,590369.020382,2956945.726236,L,,ARBM15Q1R2,"February 27, 2022",963801,-8915727.232687514,3089883.8999373866
2015845461400,2015,845461400,FHPL15OFF028511,FLORIDA HIGHWAY PATROL,04 FOURTH,PALM BEACH,"May 6, 2015",0830,THURSDAY,9394 WEST PALM BEACH,0694,N,I 95,SR 882,0.1,N,26.65531,-80.0693899,26.6566925,-80.0696799,93220000,23.608,04273,SR 9,I 95,L LEFT,3 THRU LANE 3,S SOUTH,01 INTERSTATE URBAN,01 INTERSTATE,01 NON-JUNCTION,01 ON ROADWAY,01 NOT AT INTERSECTION,01 PAVED,35,"June 2, 2015",11 URBAN PRIN ART INT.,64,PAVED,10,VALLEY GUTR,3,,0,32,226000,RCI,5.7,,65,3 NO-INCAPACITATING INJURY,31 Q/C COMPLETED - LOC VERIFIED,0 NO,01 NOT AT INTERSECTION/RRX/BRIDGE,01 DAYLIGHT,01 CLEAR,01 DRY,01 LEVEL,1 STRAIGHT,"TWO-WAY, DIVIDED, POSITIVE MED","TWO-WAY, DIVIDED, POSITIVE MED",NO CONTROLS,NO CONTROLS,10,NONE,NOT CODED,NOT CODED,NONE,NOT CODED,NOT CODED,14 MOTOR VEHICLE IN TRANSPORT,01 FRONT TO REAR,01 STRAIGHT AHEAD,OPERATED MV IN CARLESS OR NEGL,NO CONTRIBUTING ACTION,00 NOT CODED,00 NOT CODED,00 NOT CODED,00 NOT CODED,01 NO,2,0,0,0,2,0,2,2,N,N,N,N,Y,N,N,N,N,N,N,N,N,N,N,N,N,N,N,N,N,N,N,N,N,N,26.656373925,-80.069929471,592558.392022,2948713.474505,L,,ARBM15Q1R2,"February 27, 2022",963845,-8913344.07368253,3080606.029883192
2015845595160,2015,845595160,FHPL15OFF018856,FLORIDA HIGHWAY PATROL,04 FOURTH,PALM BEACH,"March 25, 2015",0400,THURSDAY,9394 WEST PALM BEACH,0694,N,I 95,NORTHLAKE BLVD,1,S,26.8001339,-80.0986435,26.7941059,-80.0986049,93220000,33.729,02270,SR 9,I 95,M MEDIAN,M MIDDLE,N NORTH,01 INTERSTATE URBAN,01 INTERSTATE,01 NON-JUNCTION,02 OFF ROADWAY,01 NOT AT INTERSECTION,01 PAVED,34,"June 2, 2015",11 URBAN PRIN ART INT.,78,PAVED WARN,10,LAWN,12,,0,32,214000,RCI,7.4,,65,4 INCAPACITATING INJURY,31 Q/C COMPLETED - LOC VERIFIED,1 ALC,01 NOT AT INTERSECTION/RRX/BRIDGE,04 DARK-LIGHTED,01 CLEAR,01 DRY,01 LEVEL,1 STRAIGHT,"TWO-WAY, DIVIDED, POSITIVE MED","TWO-WAY, DIVIDED, POSITIVE MED",NO CONTROLS,NO CONTROLS,12,NONE,NOT CODED,NOT CODED,NONE,NOT CODED,NOT CODED,01 OVERTURN/ROLLOVER,77 OTHER (SEE NARRATIVE),77 OTHER (SEE NARRATIVE),OPERATED MV IN CARLESS OR NEGL,NO CONTRIBUTING ACTION,00 NOT CODED,00 NOT CODED,00 NOT CODED,00 NOT CODED,01 NO,2,0,2,0,2,0,2,2,N,N,N,N,Y,N,N,N,N,N,N,N,N,N,N,N,N,N,N,N,N,N,N,N,N,N,26.793981739,-80.098605389,589596.644277,2963934.879049,R,,ARBM15Q1R2,"February 27, 2022",964128,-8916536.263508085,3097756.600920205
2015845444830,2015,845444830,FHPL15OFF011706,FLORIDA HIGHWAY PATROL,04 FOURTH,PALM BEACH,"February 23, 2015",0500,TUESDAY,9394 WEST PALM BEACH,0694,N,I 95,SR 704,0.028,N,26.70595,-80.07438,26.7054352,-80.0735447,93220065,0.028,01751,SR 9,I 95,R RIGHT,X RAMP,E EAST,07 RAMP URBAN,01 INTERSTATE,14 ENTRANCE/EXIT RAMP,01 ON ROADWAY,01 NOT AT INTERSECTION,01 PAVED,0,"December 31, 2000",,14,PAVED,5,VALLEY GUTR,4,,0,,5500,RCI,5.9,,,3 NO-INCAPACITATING INJURY,31 Q/C COMPLETED - LOC VERIFIED,0 NO,07 ENTRANCE RAMP,03 DAWN,01 CLEAR,01 DRY,04 DOWNHILL,1 STRAIGHT,"TWO-WAY, DIVIDED, POSITIVE MED",,NO CONTROLS,NOT CODED,1,NONE,NOT CODED,NOT CODED,NONE,NOT CODED,NOT CODED,32 TREE (STANDING),77 OTHER (SEE NARRATIVE),15 NEGOTIATING A CURVE,OTHER CONTRIBUTING ACTION,NOT CODED,00 NOT CODED,00 NOT CODED,00 NOT CODED,00 NOT CODED,01 NO,1,0,0,0,1,0,1,1,N,N,N,N,Y,N,N,N,N,N,N,N,N,N,N,N,N,N,N,N,N,N,N,N,N,N,26.705454222,-80.073543305,592159.25927,2954147.13629,O,,ARBM15Q1R2,"February 27, 2022",964196,-8913746.36395553,3086720.710362598
2015845595110,2015,845595110,FHPL15OFF015953,FLORIDA HIGHWAY PATROL,04 FOURTH,PALM BEACH,"March 12, 2015",2245,FRIDAY,9394 WEST PALM BEACH,0694,N,I 95,NORTHLAKE BLVD,0.4,S,26.80865,-80.09753,26.8028206,-80.0983181,93220000,34.329,01211,SR 9,I 95,R RIGHT,3 THRU LANE 3,N NORTH,01 INTERSTATE URBAN,01 INTERSTATE,01 NON-JUNCTION,01 ON ROADWAY,01 NOT AT INTERSECTION,01 PAVED,34,"June 2, 2015",11 URBAN PRIN ART INT.,64,PAVED WARN,8,VALLEY GUTR,3,,0,32,214000,RCI,7.4,,65,1 NO INJURY,31 Q/C COMPLETED - LOC VERIFIED,0 NO,01 NOT AT INTERSECTION/RRX/BRIDGE,04 DARK-LIGHTED,01 CLEAR,01 DRY,01 LEVEL,1 STRAIGHT,"TWO-WAY, DIVIDED, POSITIVE MED","TWO-WAY, DIVIDED, POSITIVE MED",NO CONTROLS,NO CONTROLS,12,NONE,NOT CODED,NOT CODED,NONE,NOT CODED,NOT CODED,14 MOTOR VEHICLE IN TRANSPORT,"04 SIDESWIPE, SAME DIRECTION",01 STRAIGHT AHEAD,OPERATED MV IN CARLESS OR NEGL,NO CONTRIBUTING ACTION,00 NOT CODED,00 NOT CODED,00 NOT CODED,00 NOT CODED,01 NO,0,0,0,0,2,0,2,3,N,N,N,N,Y,N,N,N,N,N,N,N,N,N,N,N,N,N,N,N,N,Y,N,N,Y,N,26.802702482,-80.098319982,589618.160347,2964901.026741,R,,ARBM15Q1R2,"February 27, 2022",964260,-8916504.492265102,3098844.1992042437
2015845595120,2015,845595120,FHPL15OFF015965,FLORIDA HIGHWAY PATROL,04 FOURTH,PALM BEACH,"March 13, 2015",0020,SATURDAY,9394 WEST PALM BEACH,0694,N,I 95,OKEECHOBEE BLVD,0,,26.7046051,-80.0754785,26.7032898,-80.0740084,93220148,0.562,02225,SR 9,I 95,L LEFT,X RAMP,S SOUTH,07 RAMP URBAN,01 INTERSTATE,14 ENTRANCE/EXIT RAMP,01 ON ROADWAY,01 NOT AT INTERSECTION,01 PAVED,0,"December 31, 2000",,24,PAVED,12,LAWN,12,,0,,11000,RCI,5.9,,,2 POSSIBLE INJURY,31 Q/C COMPLETED - LOC VERIFIED,0 NO,07 ENTRANCE RAMP,04 DARK-LIGHTED,01 CLEAR,01 DRY,01 LEVEL,3 CURVE LEFT,ONE-WAY TRAFFICWAY,,NO CONTROLS,NOT CODED,2,NONE,NOT CODED,NOT CODED,NONE,NOT CODED,NOT CODED,30 CONCRETE TRAFFIC BARRIER,77 OTHER (SEE NARRATIVE),01 STRAIGHT AHEAD,OPERATED MV IN CARLESS OR NEGL,NOT CODED,00 NOT CODED,00 NOT CODED,00 NOT CODED,00 NOT CODED,01 NO,1,0,0,0,1,0,1,1,N,N,N,N,Y,N,N,N,N,N,N,N,N,N,N,N,N,N,N,N,Y,N,N,N,N,N,26.703277164,-80.074030448,592112.5496,2953905.6462,O,,ARBM15Q1R2,"February 27, 2022",964261,-8913800.59256576,3086449.425277447
2015845461480,2015,845461480,FHPL15OFF035764,FLORIDA HIGHWAY PATROL,04 FOURTH,PALM BEACH,"June 5, 2015",2305,SATURDAY,9394 WEST PALM BEACH,0694,N,I 95,PALM BEACH LAKES BLVD,0.1,N,26.7137099,-80.0835,26.472574,-80.088453,93220000,10.7,05030,SR 9,I 95,R RIGHT,3 THRU LANE 3,N NORTH,01 INTERSTATE URBAN,01 INTERSTATE,01 NON-JUNCTION,01 ON ROADWAY,01 NOT AT INTERSECTION,01 PAVED,38,"June 2, 2015",11 URBAN PRIN ART INT.,64,PAVED WARN,8,VALLEY GUTR,3,,0,32,195661,RCI,6.1,,65,1 NO INJURY,31 Q/C COMPLETED - LOC VERIFIED,1 ALC,01 NOT AT INTERSECTION/RRX/BRIDGE,04 DARK-LIGHTED,01 CLEAR,01 DRY,01 LEVEL,1 STRAIGHT,"TWO-WAY, DIVIDED, POSITIVE MED","TWO-WAY, DIVIDED, POSITIVE MED",NO CONTROLS,NO CONTROLS,10,NONE,NOT CODED,NOT CODED,NONE,NOT CODED,NOT CODED,14 MOTOR VEHICLE IN TRANSPORT,"04 SIDESWIPE, SAME DIRECTION",77 OTHER (SEE NARRATIVE),OTHER CONTRIBUTING ACTION,OTHER CONTRIBUTING ACTION,00 NOT CODED,00 NOT CODED,00 NOT CODED,00 NOT CODED,01 NO,0,0,0,0,2,0,2,3,N,N,N,N,Y,N,N,N,N,N,N,N,N,N,N,N,N,N,N,N,N,N,N,N,N,N,26.47221982,-80.088618074,590843.557874,2928302.998221,R,,ARBM15Q1R2,"February 27, 2022",964327,-8915424.479400702,3057686.5281130653
2015845327020,2015,845327020,FHPL15OFF002592,FLORIDA HIGHWAY PATROL,04 FOURTH,PALM BEACH,"January 11, 2015",1920,MONDAY,9394 WEST PALM BEACH,0694,N,I 95,BLUE HERON BLVD,0.6,S,26.773544,-80.0971981,26.7746901,-80.0971194,93220000,32.374,04685,SR 9,I 95,L LEFT,4 THRU LANE 4,S SOUTH,01 INTERSTATE URBAN,01 INTERSTATE,01 NON-JUNCTION,01 ON ROADWAY,01 NOT AT INTERSECTION,01 PAVED,34,"June 2, 2015",11 URBAN PRIN ART INT.,64,PAVED,10,LAWN,12,,0,32,214000,RCI,7.4,,65,2 POSSIBLE INJURY,31 Q/C COMPLETED - LOC VERIFIED,0 NO,01 NOT AT INTERSECTION/RRX/BRIDGE,04 DARK-LIGHTED,03 RAIN,02 WET,01 LEVEL,1 STRAIGHT,"TWO-WAY, DIVIDED, POSITIVE MED","TWO-WAY, DIVIDED, POSITIVE MED",NO CONTROLS,NO CONTROLS,12,NONE,NOT CODED,NOT CODED,NONE,NOT CODED,NOT CODED,14 MOTOR VEHICLE IN TRANSPORT,01 FRONT TO REAR,01 STRAIGHT AHEAD,FOLLOWED TOO CLOSELY,NO CONTRIBUTING ACTION,00 NOT CODED,00 NOT CODED,00 NOT CODED,00 NOT CODED,01 NO,2,0,0,0,3,0,3,6,N,N,N,N,N,Y,Y,N,N,N,N,Y,N,N,N,N,N,N,N,N,Y,N,N,N,N,N,26.774504379,-80.097416744,589730.114995,2961778.326687,L,,ARBM15Q1R2,"February 27, 2022",964398,-8916403.944133608,3095327.804507752
2015845327030,2015,845327030,FHPL15OFF002781,FLORIDA HIGHWAY PATROL,04 FOURTH,PALM BEACH,"January 12, 2015",1400,TUESDAY,9394 WEST PALM BEACH,0694,N,I 95,MILITARY TRAIL,0.5,N,26.7859304,-80.112866,26.8518026,-80.1096489,93220000,37.899,03198,SR 9,I 95,L LEFT,4 THRU LANE 4,0,01 INTERSTATE URBAN,01 INTERSTATE,01 NON-JUNCTION,01 ON ROADWAY,01 NOT AT INTERSECTION,01 PAVED,36,"June 2, 2015",11 URBAN PRIN ART INT.,64,PAVED WARN,10,LAWN,12,,0,32,121500,RCI,8.2,,65,2 POSSIBLE INJURY,31 Q/C COMPLETED - LOC VERIFIED,0 NO,01 NOT AT INTERSECTION/RRX/BRIDGE,01 DAYLIGHT,02 CLOUDY,01 DRY,01 LEVEL,1 STRAIGHT,"TWO-WAY, DIVIDED, POSITIVE MED","TWO-WAY, DIVIDED, POSITIVE MED",NO CONTROLS,NO CONTROLS,10,NONE,NOT CODED,NOT CODED,NONE,NOT CODED,NOT CODED,14 MOTOR VEHICLE IN TRANSPORT,"04 SIDESWIPE, SAME DIRECTION",00 NOT CODED,NOT CODED,OTHER CONTRIBUTING ACTION,00 NOT CODED,00 NOT CODED,00 NOT CODED,00 NOT CODED,01 NO,1,0,0,0,1,0,2,1,N,N,N,N,Y,N,N,N,N,N,N,N,N,N,N,N,N,N,N,N,N,Y,N,N,Y,N,26.851680932,-80.109890291,588430.090384,2970317.989355,L,,ARBM15Q1R2,"February 27, 2022",964399,-8917792.493669389,3104954.049818606
2015845253350,2015,845253350,FHPK15OFF020829,FLORIDA HIGHWAY PATROL,08 TURNPIKE,PALM BEACH,"April 16, 2015",1922,FRIDAY,9394 WEST PALM BEACH,0694,N,SR 91,SR 80,2,S,26.6700269,-80.092254,26.6507311,-80.1740518,93470000,22.235,03928,SR 91,,L LEFT,S SIDE OF ROAD,S SOUTH,03 TOLL ROAD URBAN,06 TURNPIKE/TOLL,01 NON-JUNCTION,03 SHOULDER,01 NOT AT INTERSECTION,01 PAVED,34,"June 4, 2014",12 URBAN PRIN ART EXPR.,24,PAVED WARN,10,LAWN,12,,0,20,73000,RCI,9.6,,70,1 NO INJURY,31 Q/C COMPLETED - LOC VERIFIED,1 ALC,01 NOT AT INTERSECTION/RRX/BRIDGE,02 DUSK,02 CLOUDY,02 WET,01 LEVEL,1 STRAIGHT,"TWO-WAY, NOT DIVIDED",,NO CONTROLS,NOT CODED,4,NONE,NOT CODED,NOT CODED,NONE,NOT CODED,NOT CODED,29 CABLE BARRIER,77 OTHER (SEE NARRATIVE),01 STRAIGHT AHEAD,OPERATED MV IN CARLESS OR NEGL,NOT CODED,00 NOT CODED,00 NOT CODED,00 NOT CODED,00 NOT CODED,01 NO,0,0,0,0,1,0,1,1,N,N,N,N,Y,N,N,Y,N,N,N,N,N,N,N,N,N,N,N,N,N,N,N,N,N,N,26.650377274,-80.174192542,582186.215945,2947977.942942,L,,ARBM15Q1R2,"February 27, 2022",964454,-8924950.589014804,3079859.1156582693
2015845305070,2015,845305070,FHPL15OFF019403,FLORIDA HIGHWAY PATROL,04 FOURTH,PALM BEACH,"March 27, 2015",0500,SATURDAY,9394 WEST PALM BEACH,0694,Y,SR 9,45TH ST,0.5,S,26.7481466,-80.090292,26.7490502,-80.0900358,93220000,30.535,01188,SR 9,I 95,M MEDIAN,M MIDDLE,S SOUTH,01 INTERSTATE URBAN,01 INTERSTATE,01 NON-JUNCTION,01 ON ROADWAY,01 NOT AT INTERSECTION,01 PAVED,34,"June 2, 2015",11 URBAN PRIN ART INT.,64,PAVED,11,LAWN,12,,0,32,214000,RCI,7.4,,65,3 NO-INCAPACITATING INJURY,31 Q/C COMPLETED - LOC VERIFIED,0 NO,01 NOT AT INTERSECTION/RRX/BRIDGE,04 DARK-LIGHTED,02 CLOUDY,02 WET,01 LEVEL,1 STRAIGHT,"TWO-WAY, DIVIDED, POSITIVE MED",,NO CONTROLS,NOT CODED,10,NONE,NOT CODED,NOT CODED,NONE,NOT CODED,NOT CODED,09 OTHER NON-COLLISION,77 OTHER (SEE NARRATIVE),01 STRAIGHT AHEAD,FAILED TO KEEP IN PROPER LANE,NOT CODED,00 NOT CODED,00 NOT CODED,00 NOT CODED,00 NOT CODED,01 NO,5,0,0,0,1,0,1,5,N,N,N,N,Y,N,N,N,N,N,N,N,N,N,N,N,N,N,N,N,N,N,N,N,N,N,26.748900699,-80.09007107,590480.701897,2958947.569208,R,,ARBM15Q1R2,"February 27, 2022",964523,-8915586.227133002,3092135.6989782318