Crash Id,Calendar Year,FDOT Crash Number,Reporting Agency Case Number,Reporting Agency Type,FDOT Managing District,County Name,Crash Date,Crash Time,Day,DHSMV City,Crash Report City Code,In Town,On Roadway Name,Int Roadway Name,Reference Distance (Miles),Reference Direction,Officer Latitude,Officer Longitude,FDOT Latitude,FDOT Longitude,FDOT Roadway,Nearest Inventory MP,Nearest Node From Crash,State Road #,US Highway,Crash Side of Road,Accident Lane Number,Travel Direction Vehicle 1,FDOT Road Category,DHSMV Road System Id,Relation to Junction,Crash Harmful Event Location,Intersection Type,Shoulder Type,FDOT Roadway SKID Test Result,FDOT Roadway SKID Test Date,Functional Class,RCI Surface Width,RCI Shoulder Type First,RCI Shoulder Width First,RCI Shoulder Type Second,RCI Shoulder Width Second,RCI Shoulder Type Third,RCI Shoulder Width Third,RCI Median Width,Avg Daily Traffic,AADT Source,RCI Avg Per Truck Traffic,RCI Horiz Curve Condition,Posted Speed Limit,Highest Injury in Crash,CAR Status Code,Alcohols/Drug Involved,Site Location,Lighting,Weather,Road Surface,Roadway Grade,Roadway Alignment,Traffic Way Vehicle 1,Traffic Way Vehicle 2,Traffic Control Vehicle 1,Traffic Control Vehicle 2,Count of Lanes,Road Condition 1,Road Condition 2,Road Condition 3,Environment Condition 1,Environment Condition 2,Environment Condition 3,Crash Harmful Event,Manner of Collision,Vehicle Movement,Driver Action Vehicle 1,Driver Action Vehicle 2,Location Within Workzone,Type of Workzone,Workers Present in Workzone,Law Enforcement Present in Workzone,School Bus Related,Count of Nonfatal Injuries,Count of Traffic Fatalities,Count of Serious Injuries,Count of Pedestrians,Count of Drivers,Count of Bicyclists,Count of Vehicles,Count of Persons,Wrong Way,Workzone Inv,Commercial Vehicle Inv,Intersection Inv,Lane Departure,Speeding,Agressive Driving,Impaired Driver,Impaired Pedestrian,Impaired Bicyclist,Distracted Driver,Speeding or Aggressive Driving,Pedestrian Related,Bicyclist Related,Pedestrian or Bicyclist Related,Motorcycle Inv,No Belt,No Belt - Ages 1-4,No Belt - Ages 5-12,No Belt - Ages 13-17,Driver - Ages Teen,Driver - Ages 65 plus,Driver - Ages 65-69,Driver - Ages 70-74,Driver - Ages 75-79,Driver - Ages 80 plus,ARBM Latitude,ARBM Longitude,UTM Zone 17N X,UTM Zone 17N Y,ARBM Side of Road,Urban Rural Indicator,GIS Street Source,Extract Date,OBJECTID,x,y
2015848827940,2015,848827940,FHPL15OFF034574,FLORIDA HIGHWAY PATROL,04 FOURTH,PALM BEACH,"May 31, 2015",1505,MONDAY,9394 WEST PALM BEACH,0694,Y,I 95,BLUE HERON BLVD,0.25,N,26.8132445,-80.098091,26.7867717,-80.0988309,93220000,33.224,01212,SR 9,I 95,L LEFT,2 THRU LANE 2,S SOUTH,01 INTERSTATE URBAN,01 INTERSTATE,01 NON-JUNCTION,01 ON ROADWAY,01 NOT AT INTERSECTION,01 PAVED,34,"June 2, 2015",11 URBAN PRIN ART INT.,64,PAVED WARN,13,,0,,0,32,214000,RCI,7.4,,65,1 NO INJURY,31 Q/C COMPLETED - LOC VERIFIED,0 NO,01 NOT AT INTERSECTION/RRX/BRIDGE,01 DAYLIGHT,01 CLEAR,01 DRY,01 LEVEL,1 STRAIGHT,"TWO-WAY, DIVIDED, POSITIVE MED","TWO-WAY, DIVIDED, POSITIVE MED",NO CONTROLS,NO CONTROLS,10,NONE,NOT CODED,NOT CODED,NONE,NOT CODED,NOT CODED,14 MOTOR VEHICLE IN TRANSPORT,"04 SIDESWIPE, SAME DIRECTION",06 CHANGING LANES,OPERATED MV IN CARLESS OR NEGL,NO CONTRIBUTING ACTION,00 NOT CODED,00 NOT CODED,00 NOT CODED,00 NOT CODED,01 NO,0,0,0,0,2,0,2,3,N,N,N,N,Y,N,N,N,N,N,N,N,N,N,N,N,N,N,N,N,N,N,N,N,N,N,26.786593603,-80.099147373,589548.56943,2963116.156923,L,,ARBM15Q1R2,"February 27, 2022",1000075,-8916596.596929802,3096835.2628668523
2015848667840,2015,848667840,FHPL15OFF065912,FLORIDA HIGHWAY PATROL,04 FOURTH,PALM BEACH,"October 15, 2015",1801,FRIDAY,9394 WEST PALM BEACH,0694,N,I 95,PALM BEACH LAKES BLVD,0.189,N,26.7189599,-80.08946,26.4741351,-80.0878875,93220000,10.813,05030,SR 9,I 95,L LEFT,3 THRU LANE 3,S SOUTH,01 INTERSTATE URBAN,01 INTERSTATE,01 NON-JUNCTION,01 ON ROADWAY,01 NOT AT INTERSECTION,01 PAVED,38,"June 2, 2015",11 URBAN PRIN ART INT.,64,PAVED WARN,10,LAWN,12,,0,32,195661,RCI,6.1,,65,2 POSSIBLE INJURY,31 Q/C COMPLETED - LOC VERIFIED,0 NO,01 NOT AT INTERSECTION/RRX/BRIDGE,01 DAYLIGHT,02 CLOUDY,02 WET,01 LEVEL,1 STRAIGHT,"TWO-WAY, DIVIDED, POSITIVE MED","TWO-WAY, DIVIDED, POSITIVE MED",NO CONTROLS,NO CONTROLS,10,NONE,NOT CODED,NOT CODED,NONE,NOT CODED,NOT CODED,14 MOTOR VEHICLE IN TRANSPORT,01 FRONT TO REAR,01 STRAIGHT AHEAD,OPERATED MV IN CARLESS OR NEGL,NO CONTRIBUTING ACTION,00 NOT CODED,00 NOT CODED,00 NOT CODED,00 NOT CODED,01 NO,1,0,0,0,2,0,2,2,N,N,N,N,N,N,N,N,N,N,N,N,N,N,N,N,N,N,N,N,N,N,N,N,N,N,26.473755288,-80.088350733,590869.000558,2928473.254832,L,,ARBM15Q1R2,"February 27, 2022",1000102,-8915394.71909707,3057877.4777421695
2015848841860,2015,848841860,FHPL15OFF038458,FLORIDA HIGHWAY PATROL,04 FOURTH,PALM BEACH,"June 17, 2015",1300,THURSDAY,9394 WEST PALM BEACH,0694,Y,I 95,FOREST HILL BLVD,0.3,S,26.6502284,-80.0683268,26.6472956,-80.0680828,93220000,22.952,04272,SR 9,I 95,R RIGHT,5 THRU LANE 5,N NORTH,01 INTERSTATE URBAN,01 INTERSTATE,18 THROUGH ROADWAY,01 ON ROADWAY,01 NOT AT INTERSECTION,01 PAVED,35,"June 2, 2015",11 URBAN PRIN ART INT.,64,PAVED WARN,10,,0,,0,32,226000,RCI,7.4,2D0000,65,2 POSSIBLE INJURY,31 Q/C COMPLETED - LOC VERIFIED,0 NO,01 NOT AT INTERSECTION/RRX/BRIDGE,01 DAYLIGHT,01 CLEAR,01 DRY,01 LEVEL,1 STRAIGHT,"TWO-WAY, DIVIDED, POSITIVE MED","TWO-WAY, DIVIDED, POSITIVE MED",NO CONTROLS,NO CONTROLS,11,NONE,NOT CODED,NOT CODED,NONE,NOT CODED,NOT CODED,14 MOTOR VEHICLE IN TRANSPORT,"04 SIDESWIPE, SAME DIRECTION",06 CHANGING LANES,OTHER CONTRIBUTING ACTION,OTHER CONTRIBUTING ACTION,00 NOT CODED,00 NOT CODED,00 NOT CODED,00 NOT CODED,01 NO,1,0,0,0,2,0,2,2,N,N,N,N,Y,N,N,N,N,N,N,N,N,N,N,N,N,N,N,N,N,Y,N,N,N,Y,26.647037463,-80.068154123,592742.624832,2947680.632074,R,,ARBM15Q1R2,"February 27, 2022",1000803,-8913146.442749783,3079443.142301989
2015848877600,2015,848877600,FHPL15OFF028513,FLORIDA HIGHWAY PATROL,04 FOURTH,PALM BEACH,"May 6, 2015",0835,THURSDAY,9394 WEST PALM BEACH,0694,N,I 95,FOREST HILL BLVD,0.1,S,26.66011,-80.07071,26.6505265,-80.0683764,93220000,23.176,02260,SR 9,I 95,L LEFT,4 THRU LANE 4,S SOUTH,01 INTERSTATE URBAN,01 INTERSTATE,01 NON-JUNCTION,02 OFF ROADWAY,01 NOT AT INTERSECTION,01 PAVED,35,"June 2, 2015",11 URBAN PRIN ART INT.,64,PAVED WARN,10,,0,,0,32,226000,RCI,7.4,,65,2 POSSIBLE INJURY,31 Q/C COMPLETED - LOC VERIFIED,0 NO,01 NOT AT INTERSECTION/RRX/BRIDGE,01 DAYLIGHT,01 CLEAR,01 DRY,01 LEVEL,1 STRAIGHT,"TWO-WAY, DIVIDED, POSITIVE MED",,NO CONTROLS,NOT CODED,11,NONE,NOT CODED,NOT CODED,NONE,NOT CODED,NOT CODED,30 CONCRETE TRAFFIC BARRIER,77 OTHER (SEE NARRATIVE),14 SLOWING,NO CONTRIBUTING ACTION,NOT CODED,00 NOT CODED,00 NOT CODED,00 NOT CODED,00 NOT CODED,01 NO,1,0,0,0,1,0,1,1,N,N,N,N,Y,N,N,N,N,N,N,N,N,N,N,N,N,N,N,N,N,N,N,N,N,N,26.650201469,-80.068640837,592691.626383,2948030.732034,L,,ARBM15Q1R2,"February 27, 2022",1000970,-8913200.623493645,3079837.219118002
2015848877610,2015,848877610,FHPL15OFF028518,FLORIDA HIGHWAY PATROL,04 FOURTH,PALM BEACH,"May 6, 2015",0835,THURSDAY,9394 WEST PALM BEACH,0694,N,I 95,FOREST HILL BLVD,0.1,S,26.66011,-80.07071,26.6505265,-80.0683764,93220000,23.176,02260,SR 9,I 95,L LEFT,2 THRU LANE 2,S SOUTH,01 INTERSTATE URBAN,01 INTERSTATE,01 NON-JUNCTION,01 ON ROADWAY,01 NOT AT INTERSECTION,01 PAVED,35,"June 2, 2015",11 URBAN PRIN ART INT.,64,PAVED WARN,10,,0,,0,32,226000,RCI,7.4,,65,1 NO INJURY,31 Q/C COMPLETED - LOC VERIFIED,0 NO,01 NOT AT INTERSECTION/RRX/BRIDGE,01 DAYLIGHT,01 CLEAR,01 DRY,01 LEVEL,1 STRAIGHT,"TWO-WAY, DIVIDED, POSITIVE MED","TWO-WAY, DIVIDED, POSITIVE MED",NO CONTROLS,NO CONTROLS,11,NONE,NOT CODED,NOT CODED,NONE,NOT CODED,NOT CODED,14 MOTOR VEHICLE IN TRANSPORT,01 FRONT TO REAR,01 STRAIGHT AHEAD,NOT CODED,NO CONTRIBUTING ACTION,00 NOT CODED,00 NOT CODED,00 NOT CODED,00 NOT CODED,01 NO,0,0,0,0,1,0,2,1,N,N,N,N,N,N,N,N,N,N,N,N,N,N,N,N,N,N,N,N,N,N,N,N,N,N,26.650201469,-80.068640837,592691.626383,2948030.732034,L,,ARBM15Q1R2,"February 27, 2022",1000971,-8913200.623493645,3079837.219118002
2015848877620,2015,848877620,FHPL15OFF028527,FLORIDA HIGHWAY PATROL,04 FOURTH,PALM BEACH,"May 6, 2015",0906,THURSDAY,9394 WEST PALM BEACH,0694,N,I 95,10TH AVE,0.5,N,26.65531,-80.0693899,26.6346802,-80.0680742,93220000,22.078,02214,SR 9,I 95,L LEFT,5 THRU LANE 5,S SOUTH,01 INTERSTATE URBAN,01 INTERSTATE,01 NON-JUNCTION,01 ON ROADWAY,01 NOT AT INTERSECTION,01 PAVED,35,"June 2, 2015",11 URBAN PRIN ART INT.,78,PAVED WARN,10,,0,,0,32,226000,RCI,7.4,,65,1 NO INJURY,31 Q/C COMPLETED - LOC VERIFIED,0 NO,01 NOT AT INTERSECTION/RRX/BRIDGE,01 DAYLIGHT,01 CLEAR,01 DRY,01 LEVEL,1 STRAIGHT,"TWO-WAY, DIVIDED, POSITIVE MED","TWO-WAY, DIVIDED, POSITIVE MED",NO CONTROLS,NO CONTROLS,11,NONE,NOT CODED,NOT CODED,NONE,NOT CODED,NOT CODED,14 MOTOR VEHICLE IN TRANSPORT,01 FRONT TO REAR,01 STRAIGHT AHEAD,FOLLOWED TOO CLOSELY,NOT CODED,00 NOT CODED,00 NOT CODED,00 NOT CODED,00 NOT CODED,01 NO,0,0,0,0,1,0,2,1,N,N,N,N,N,N,N,N,N,N,N,N,N,N,N,N,N,N,N,N,N,N,N,N,N,N,26.634337649,-80.068374166,592730.980477,2946273.810638,L,,ARBM15Q1R2,"February 27, 2022",1001103,-8913170.93766679,3077861.490669896
2015848877650,2015,848877650,FHPL15OFF029727,FLORIDA HIGHWAY PATROL,04 FOURTH,PALM BEACH,"May 11, 2015",0735,TUESDAY,9394 WEST PALM BEACH,0694,N,I 95,45TH ST,1,S,26.7589399,-80.0913,26.7417939,-80.090434,93220000,30.035,01220,SR 9,I 95,R RIGHT,2 THRU LANE 2,S SOUTH,01 INTERSTATE URBAN,01 INTERSTATE,01 NON-JUNCTION,01 ON ROADWAY,01 NOT AT INTERSECTION,01 PAVED,34,"June 2, 2015",11 URBAN PRIN ART INT.,78,PAVED WARN,11,LAWN,12,,0,32,214000,RCI,7.4,,65,1 NO INJURY,31 Q/C COMPLETED - LOC VERIFIED,0 NO,01 NOT AT INTERSECTION/RRX/BRIDGE,01 DAYLIGHT,01 CLEAR,01 DRY,01 LEVEL,1 STRAIGHT,"TWO-WAY, DIVIDED, POSITIVE MED",,NO CONTROLS,NOT CODED,11,NONE,NOT CODED,NOT CODED,NONE,NOT CODED,NOT CODED,"17 STRUCK BY FALLING, SHIFTING CA",77 OTHER (SEE NARRATIVE),01 STRAIGHT AHEAD,NO CONTRIBUTING ACTION,NOT CODED,00 NOT CODED,00 NOT CODED,00 NOT CODED,00 NOT CODED,01 NO,0,0,0,0,1,0,1,1,N,N,N,N,N,N,N,N,N,N,N,N,N,N,N,N,N,N,N,N,Y,N,N,N,N,N,26.741638391,-80.090467305,590447.046523,2958142.888408,R,,ARBM15Q1R2,"February 27, 2022",1001104,-8915630.33574142,3091230.4110315237
2015848905850,2015,848905850,FHPL15OFF051855,FLORIDA HIGHWAY PATROL,04 FOURTH,PALM BEACH,"August 16, 2015",1540,MONDAY,9394 WEST PALM BEACH,0694,N,I 95,PALM BEACH LAKES BLVD,1,N,26.7375799,-80.0908549,26.4850072,-80.083949,93220000,11.6,02189,SR 9,I 95,L LEFT,3 THRU LANE 3,S SOUTH,01 INTERSTATE URBAN,01 INTERSTATE,01 NON-JUNCTION,01 ON ROADWAY,01 NOT AT INTERSECTION,01 PAVED,36,"June 2, 2015",11 URBAN PRIN ART INT.,64,PAVED WARN,12,LAWN,12,,0,32,195661,RCI,6.1,,65,2 POSSIBLE INJURY,31 Q/C COMPLETED - LOC VERIFIED,0 NO,01 NOT AT INTERSECTION/RRX/BRIDGE,01 DAYLIGHT,01 CLEAR,01 DRY,01 LEVEL,1 STRAIGHT,"TWO-WAY, DIVIDED, POSITIVE MED","TWO-WAY, DIVIDED, POSITIVE MED",NO CONTROLS,NO CONTROLS,11,NONE,NOT CODED,NOT CODED,NONE,NOT CODED,NOT CODED,14 MOTOR VEHICLE IN TRANSPORT,01 FRONT TO REAR,06 CHANGING LANES,FAILED TO KEEP IN PROPER LANE,OVER-CORRECTING/OVERSTEERING,00 NOT CODED,00 NOT CODED,00 NOT CODED,00 NOT CODED,01 NO,3,0,0,0,3,0,3,4,N,N,N,N,Y,N,N,N,N,N,N,N,N,N,N,N,N,N,N,N,Y,N,N,N,N,N,26.484632665,-80.084406741,591253.554863,2929680.824065,L,,ARBM15Q1R2,"February 27, 2022",1001261,-8914955.67587112,3059230.2533771377
2015848905830,2015,848905830,FHPL15OFF048840,FLORIDA HIGHWAY PATROL,04 FOURTH,PALM BEACH,"August 2, 2015",1710,MONDAY,9394 WEST PALM BEACH,0694,N,I 95,SR 708,0.009,S,26.7748883,-80.0977066,26.7835335,-80.0989448,93220000,33.001,01213,SR 9,I 95,L LEFT,4 THRU LANE 4,S SOUTH,01 INTERSTATE URBAN,01 INTERSTATE,01 NON-JUNCTION,01 ON ROADWAY,01 NOT AT INTERSECTION,01 PAVED,34,"June 2, 2015",11 URBAN PRIN ART INT.,64,PAVED WARN,11,,0,,0,32,214000,RCI,7.4,,65,2 POSSIBLE INJURY,31 Q/C COMPLETED - LOC VERIFIED,0 NO,06 BRIDGE,01 DAYLIGHT,03 RAIN,02 WET,01 LEVEL,1 STRAIGHT,"TWO-WAY, DIVIDED, POSITIVE MED","TWO-WAY, DIVIDED, POSITIVE MED",NO CONTROLS,NO CONTROLS,10,NONE,NOT CODED,NOT CODED,NONE,NOT CODED,NOT CODED,14 MOTOR VEHICLE IN TRANSPORT,"04 SIDESWIPE, SAME DIRECTION",06 CHANGING LANES,DROVE TOO FAST FOR CONDITIONS,OVER-CORRECTING/OVERSTEERING,00 NOT CODED,00 NOT CODED,00 NOT CODED,00 NOT CODED,01 NO,2,0,0,0,2,0,2,3,N,N,N,N,Y,Y,Y,N,N,N,N,Y,N,N,N,N,N,N,N,N,N,N,N,N,N,N,26.783353773,-80.099257043,589540.209767,2962757.223055,L,,ARBM15Q1R2,"February 27, 2022",1001395,-8916608.805268524,3096431.2585229496
2015848884340,2015,848884340,FHPL15OFF022036,FLORIDA HIGHWAY PATROL,04 FOURTH,PALM BEACH,"April 7, 2015",1741,WEDNESDAY,9394 WEST PALM BEACH,0694,N,I 95,BLUE HERON BLVD,0,,26.7828982,-80.0980619,26.7829192,-80.0981744,93220078,0.21,04529,SR 9,I 95,R RIGHT,X RAMP,N NORTH,07 RAMP URBAN,01 INTERSTATE,14 ENTRANCE/EXIT RAMP,01 ON ROADWAY,04 Y-INTERSECTION,01 PAVED,0,"December 31, 2000",,24,RAISED CURB,0,,0,,0,,14500,RCI,8,,,1 NO INJURY,31 Q/C COMPLETED - LOC VERIFIED,0 NO,08 EXIT RAMP,01 DAYLIGHT,01 CLEAR,01 DRY,01 LEVEL,2 CURVE RIGHT,ONE-WAY TRAFFICWAY,ONE-WAY TRAFFICWAY,NO CONTROLS,NO CONTROLS,4,NONE,NOT CODED,NOT CODED,NONE,NOT CODED,NOT CODED,14 MOTOR VEHICLE IN TRANSPORT,01 FRONT TO REAR,05 TURNING RIGHT,NO CONTRIBUTING ACTION,NOT CODED,00 NOT CODED,00 NOT CODED,00 NOT CODED,00 NOT CODED,01 NO,0,0,0,0,1,0,2,1,N,N,N,N,N,N,N,N,N,N,N,N,N,N,N,N,N,N,N,N,N,N,N,N,N,N,26.782941472,-80.098184773,589647.130156,2962712.310606,O,,ARBM15Q1R2,"February 27, 2022",1001452,-8916489.440682191,3096379.845675068
2015848840520,2015,848840520,FHPL15OFF018406,FLORIDA HIGHWAY PATROL,04 FOURTH,PALM BEACH,"March 23, 2015",0432,TUESDAY,9394 WEST PALM BEACH,0694,Y,I 95,OKEECHOBEE BLVD,0.152,N,26.7069983,-80.0759616,26.7073074,-80.07479,93220063,0.152,01748,SR 9,I 95,R RIGHT,X RAMP,N NORTH,07 RAMP URBAN,01 INTERSTATE,14 ENTRANCE/EXIT RAMP,01 ON ROADWAY,01 NOT AT INTERSECTION,01 PAVED,0,"December 31, 2000",,16,PAVED,4,LAWN,12,,0,,5000,RCI,5.9,,,1 NO INJURY,31 Q/C COMPLETED - LOC VERIFIED,3 A/D,07 ENTRANCE RAMP,04 DARK-LIGHTED,"04 FOG, SMOG, SMOKE",01 DRY,01 LEVEL,2 CURVE RIGHT,ONE-WAY TRAFFICWAY,,NO CONTROLS,NOT CODED,1,NONE,NOT CODED,NOT CODED,NONE,NOT CODED,NOT CODED,30 CONCRETE TRAFFIC BARRIER,77 OTHER (SEE NARRATIVE),01 STRAIGHT AHEAD,NO CONTRIBUTING ACTION,NOT CODED,00 NOT CODED,00 NOT CODED,00 NOT CODED,00 NOT CODED,01 NO,0,0,0,0,1,0,1,1,N,N,N,N,Y,N,N,N,N,N,N,N,N,N,N,N,N,N,N,N,N,N,N,N,N,N,26.707302123,-80.074807346,592032.026739,2954350.902593,O,,ARBM15Q1R2,"February 27, 2022",1001493,-8913887.076495185,3086950.9829600668
2015848862280,2015,848862280,FHPL15OFF023953,FLORIDA HIGHWAY PATROL,04 FOURTH,PALM BEACH,"April 16, 2015",0725,FRIDAY,9394 WEST PALM BEACH,0694,Y,I 95,6TH AVE,0.152,S,26.6034612,-80.0689033,26.3931417,-80.0944035,93220000,5.123,05781,SR 9,I 95,R RIGHT,2 THRU LANE 2,N NORTH,01 INTERSTATE URBAN,01 INTERSTATE,01 NON-JUNCTION,01 ON ROADWAY,01 NOT AT INTERSECTION,01 PAVED,36,"June 2, 2015",11 URBAN PRIN ART INT.,52,PAVED WARN,10,VALLEY GUTR,3,,0,25,173000,RCI,7.4,1D1500,65,1 NO INJURY,31 Q/C COMPLETED - LOC VERIFIED,0 NO,01 NOT AT INTERSECTION/RRX/BRIDGE,01 DAYLIGHT,02 CLOUDY,02 WET,04 DOWNHILL,1 STRAIGHT,"TWO-WAY, DIVIDED, POSITIVE MED","TWO-WAY, DIVIDED, POSITIVE MED",NO CONTROLS,NO CONTROLS,10,"RD SURFC (WET, ICY, SNOW, ETC)",NOT CODED,NOT CODED,NONE,NOT CODED,NOT CODED,14 MOTOR VEHICLE IN TRANSPORT,01 FRONT TO REAR,14 SLOWING,DROVE TOO FAST FOR CONDITIONS,NO CONTRIBUTING ACTION,00 NOT CODED,00 NOT CODED,00 NOT CODED,00 NOT CODED,01 NO,0,0,0,0,4,0,4,4,N,N,N,N,N,Y,N,N,N,N,N,Y,N,N,N,N,N,N,N,N,N,Y,N,Y,N,N,26.392852527,-80.094795139,590289.644455,2919508.024926,R,,ARBM15Q1R2,"February 27, 2022",1001552,-8916112.107094286,3047819.9355501765
2015848862290,2015,848862290,FHPL15OFF024418,FLORIDA HIGHWAY PATROL,04 FOURTH,PALM BEACH,"April 18, 2015",0000,SUNDAY,9394 WEST PALM BEACH,0694,Y,I 95,OKEECHOBBEE BLVD,0.095,N,26.7072038,-80.07785,26.7076852,-80.0777419,93220062,0.082,01225,SR 9,I 95,L LEFT,X RAMP,S SOUTH,07 RAMP URBAN,01 INTERSTATE,14 ENTRANCE/EXIT RAMP,03 SHOULDER,01 NOT AT INTERSECTION,01 PAVED,0,"December 31, 2000",,52,PAVED,5,VALLEY GUTR,12,,0,,16500,RCI,0,,,1 NO INJURY,31 Q/C COMPLETED - LOC VERIFIED,1 ALC,08 EXIT RAMP,04 DARK-LIGHTED,02 CLOUDY,02 WET,01 LEVEL,1 STRAIGHT,ONE-WAY TRAFFICWAY,,NO CONTROLS,NOT CODED,3,"RD SURFC (WET, ICY, SNOW, ETC)",NOT CODED,NOT CODED,NONE,NOT CODED,NOT CODED,27 GUARDRAIL FACE,77 OTHER (SEE NARRATIVE),01 STRAIGHT AHEAD,OPERATED MV IN CARLESS OR NEGL,NOT CODED,00 NOT CODED,00 NOT CODED,00 NOT CODED,00 NOT CODED,01 NO,0,0,0,0,1,0,1,1,N,N,N,N,Y,N,N,N,N,N,N,N,N,N,N,N,N,N,N,N,N,N,N,N,N,N,26.707677722,-80.077721593,591741.820744,2954390.404446,O,,ARBM15Q1R2,"February 27, 2022",1001553,-8914211.48907321,3086997.7879966944
2015848840870,2015,848840870,FHPL15OFF050982,FLORIDA HIGHWAY PATROL,04 FOURTH,PALM BEACH,"August 13, 2015",0455,FRIDAY,9394 WEST PALM BEACH,0694,N,I 95,BELVEDERE RD,0.1,N,26.6894249,-80.0671616,26.691878,-80.0667906,93220000,26.076,04278,SR 9,I 95,L LEFT,S SIDE OF ROAD,S SOUTH,01 INTERSTATE URBAN,01 INTERSTATE,14 ENTRANCE/EXIT RAMP,01 ON ROADWAY,01 NOT AT INTERSECTION,01 PAVED,35,"June 2, 2015",11 URBAN PRIN ART INT.,64,PAVED,10,,0,,0,32,222000,RCI,6,,65,1 NO INJURY,31 Q/C COMPLETED - LOC VERIFIED,0 NO,01 NOT AT INTERSECTION/RRX/BRIDGE,04 DARK-LIGHTED,02 CLOUDY,02 WET,04 DOWNHILL,2 CURVE RIGHT,ONE-WAY TRAFFICWAY,,NO CONTROLS,NOT CODED,10,NONE,NOT CODED,NOT CODED,WEATHER CONDITIONS,NOT CODED,NOT CODED,27 GUARDRAIL FACE,77 OTHER (SEE NARRATIVE),01 STRAIGHT AHEAD,OPERATED MV IN CARLESS OR NEGL,NOT CODED,00 NOT CODED,00 NOT CODED,00 NOT CODED,00 NOT CODED,01 NO,0,0,0,0,1,0,1,1,N,N,N,N,Y,N,N,N,N,N,N,N,N,N,N,N,N,N,N,N,N,N,N,N,N,N,26.691608398,-80.067157622,592805.727946,2952618.159816,L,,ARBM15Q1R2,"February 27, 2022",1001634,-8913035.512849364,3084995.4585483572
2015848731340,2015,848731340,FHPK15OFF010501,FLORIDA HIGHWAY PATROL,08 TURNPIKE,PALM BEACH,"February 27, 2015",1110,SATURDAY,9394 WEST PALM BEACH,0694,N,SR 91,SR 80,2,N,26.67133,-80.1717299,26.701143,-80.1472978,93470000,26.235,05003,SR 91,,L LEFT,1 THRU LANE 1,S SOUTH,03 TOLL ROAD URBAN,06 TURNPIKE/TOLL,01 NON-JUNCTION,01 ON ROADWAY,01 NOT AT INTERSECTION,01 PAVED,34,"June 4, 2014",12 URBAN PRIN ART EXPR.,24,PAVED WARN,10,LAWN,12,,0,20,69200,RCI,12.3,,70,1 NO INJURY,31 Q/C COMPLETED - LOC VERIFIED,0 NO,01 NOT AT INTERSECTION/RRX/BRIDGE,01 DAYLIGHT,02 CLOUDY,01 DRY,01 LEVEL,1 STRAIGHT,"TWO-WAY, DIVIDED, POSITIVE MED","TWO-WAY, DIVIDED, POSITIVE MED",NO CONTROLS,NO CONTROLS,4,NONE,NOT CODED,NOT CODED,NONE,NOT CODED,NOT CODED,14 MOTOR VEHICLE IN TRANSPORT,01 FRONT TO REAR,01 STRAIGHT AHEAD,OPERATED MV IN CARLESS OR NEGL,NO CONTRIBUTING ACTION,00 NOT CODED,00 NOT CODED,00 NOT CODED,00 NOT CODED,01 NO,0,0,0,0,2,0,2,8,N,N,N,N,N,N,N,N,N,N,Y,N,N,N,N,N,N,N,N,N,N,N,N,N,N,N,26.700914729,-80.14764337,584791.177788,2953592.905079,L,,ARBM15Q1R2,"February 27, 2022",1001778,-8921995.147884395,3086155.0458961213
2015848731350,2015,848731350,FHPK15OFF010506,FLORIDA HIGHWAY PATROL,08 TURNPIKE,PALM BEACH,"February 27, 2015",1115,SATURDAY,9394 WEST PALM BEACH,0694,N,SR 91,SR 80,2,N,26.69473,-80.1536842,26.7021829,-80.1462886,93470000,26.33,05003,SR 91,,L LEFT,1 THRU LANE 1,S SOUTH,03 TOLL ROAD URBAN,06 TURNPIKE/TOLL,01 NON-JUNCTION,01 ON ROADWAY,01 NOT AT INTERSECTION,01 PAVED,34,"June 4, 2014",12 URBAN PRIN ART EXPR.,36,PAVED WARN,10,LAWN,12,,0,20,64400,RCI,10.7,,70,1 NO INJURY,31 Q/C COMPLETED - LOC VERIFIED,0 NO,01 NOT AT INTERSECTION/RRX/BRIDGE,01 DAYLIGHT,01 CLEAR,01 DRY,00 NOT CODED,0 NOT CODED,"TWO-WAY, DIVIDED, POSITIVE MED","TWO-WAY, DIVIDED, POSITIVE MED",NO CONTROLS,NO CONTROLS,5,NONE,NOT CODED,NOT CODED,NONE,NOT CODED,NOT CODED,14 MOTOR VEHICLE IN TRANSPORT,01 FRONT TO REAR,00 NOT CODED,NOT CODED,NO CONTRIBUTING ACTION,00 NOT CODED,00 NOT CODED,00 NOT CODED,00 NOT CODED,01 NO,0,0,0,0,1,0,2,2,N,N,N,N,N,N,N,N,N,N,N,N,N,N,N,N,N,N,N,N,N,N,N,N,N,N,26.701959541,-80.146637427,584890.477334,2953709.299782,L,,ARBM15Q1R2,"February 27, 2022",1001779,-8921883.166921731,3086285.2374350294