Crash Id,Calendar Year,FDOT Crash Number,Reporting Agency Case Number,Reporting Agency Type,FDOT Managing District,County Name,Crash Date,Crash Time,Day,DHSMV City,Crash Report City Code,In Town,On Roadway Name,Int Roadway Name,Reference Distance (Miles),Reference Direction,Officer Latitude,Officer Longitude,FDOT Latitude,FDOT Longitude,FDOT Roadway,Nearest Inventory MP,Nearest Node From Crash,State Road #,US Highway,Crash Side of Road,Accident Lane Number,Travel Direction Vehicle 1,FDOT Road Category,DHSMV Road System Id,Relation to Junction,Crash Harmful Event Location,Intersection Type,Shoulder Type,FDOT Roadway SKID Test Result,FDOT Roadway SKID Test Date,Functional Class,RCI Surface Width,RCI Shoulder Type First,RCI Shoulder Width First,RCI Shoulder Type Second,RCI Shoulder Width Second,RCI Shoulder Type Third,RCI Shoulder Width Third,RCI Median Width,Avg Daily Traffic,AADT Source,RCI Avg Per Truck Traffic,RCI Horiz Curve Condition,Posted Speed Limit,Highest Injury in Crash,CAR Status Code,Alcohols/Drug Involved,Site Location,Lighting,Weather,Road Surface,Roadway Grade,Roadway Alignment,Traffic Way Vehicle 1,Traffic Way Vehicle 2,Traffic Control Vehicle 1,Traffic Control Vehicle 2,Count of Lanes,Road Condition 1,Road Condition 2,Road Condition 3,Environment Condition 1,Environment Condition 2,Environment Condition 3,Crash Harmful Event,Manner of Collision,Vehicle Movement,Driver Action Vehicle 1,Driver Action Vehicle 2,Location Within Workzone,Type of Workzone,Workers Present in Workzone,Law Enforcement Present in Workzone,School Bus Related,Count of Nonfatal Injuries,Count of Traffic Fatalities,Count of Serious Injuries,Count of Pedestrians,Count of Drivers,Count of Bicyclists,Count of Vehicles,Count of Persons,Wrong Way,Workzone Inv,Commercial Vehicle Inv,Intersection Inv,Lane Departure,Speeding,Agressive Driving,Impaired Driver,Impaired Pedestrian,Impaired Bicyclist,Distracted Driver,Speeding or Aggressive Driving,Pedestrian Related,Bicyclist Related,Pedestrian or Bicyclist Related,Motorcycle Inv,No Belt,No Belt - Ages 1-4,No Belt - Ages 5-12,No Belt - Ages 13-17,Driver - Ages Teen,Driver - Ages 65 plus,Driver - Ages 65-69,Driver - Ages 70-74,Driver - Ages 75-79,Driver - Ages 80 plus,ARBM Latitude,ARBM Longitude,UTM Zone 17N X,UTM Zone 17N Y,ARBM Side of Road,Urban Rural Indicator,GIS Street Source,Extract Date,OBJECTID,x,y
2015848904180,2015,848904180,FHPL15OFF027360,FLORIDA HIGHWAY PATROL,04 FOURTH,PALM BEACH,"May 1, 2015",0634,SATURDAY,9394 WEST PALM BEACH,0694,N,I 95,FOREST HILL BLVD,0.25,S,26.6477421,-80.0679384,26.6480197,-80.0680394,93220000,23.002,04272,SR 9,I 95,M MEDIAN,M MIDDLE,N NORTH,01 INTERSTATE URBAN,01 INTERSTATE,01 NON-JUNCTION,04 MEDIAN,01 NOT AT INTERSECTION,01 PAVED,35,"June 2, 2015",11 URBAN PRIN ART INT.,64,PAVED,10,,0,,0,32,226000,RCI,7.4,,65,1 NO INJURY,31 Q/C COMPLETED - LOC VERIFIED,0 NO,01 NOT AT INTERSECTION/RRX/BRIDGE,01 DAYLIGHT,01 CLEAR,01 DRY,01 LEVEL,1 STRAIGHT,"TWO-WAY, DIVIDED, POSITIVE MED",,NO CONTROLS,NOT CODED,11,NONE,NOT CODED,NOT CODED,NONE,NOT CODED,NOT CODED,30 CONCRETE TRAFFIC BARRIER,77 OTHER (SEE NARRATIVE),01 STRAIGHT AHEAD,NO CONTRIBUTING ACTION,NOT CODED,00 NOT CODED,00 NOT CODED,00 NOT CODED,00 NOT CODED,01 NO,0,0,0,0,1,0,1,1,N,N,N,N,Y,N,N,N,N,N,N,N,N,N,N,N,N,N,N,N,N,Y,Y,N,N,N,26.647762584,-80.068100566,592747.369523,2947760.987206,R,,ARBM15Q1R2,"February 27, 2022",1002074,-8913140.480752332,3079533.4551385185
2015848906290,2015,848906290,FHPL15OFF084256,FLORIDA HIGHWAY PATROL,04 FOURTH,PALM BEACH,"December 30, 2015",1505,THURSDAY,9394 WEST PALM BEACH,0694,N,I 95,SR 882,0.003,S,26.6480616,-80.0682766,26.655222,-80.0693692,93220000,23.505,02217,SR 9,I 95,M MEDIAN,M MIDDLE,S SOUTH,01 INTERSTATE URBAN,01 INTERSTATE,01 NON-JUNCTION,02 OFF ROADWAY,01 NOT AT INTERSECTION,01 PAVED,35,"June 2, 2015",11 URBAN PRIN ART INT.,64,PAVED,10,LAWN,12,,0,32,226000,RCI,5.7,,65,2 POSSIBLE INJURY,31 Q/C COMPLETED - LOC VERIFIED,0 NO,01 NOT AT INTERSECTION/RRX/BRIDGE,01 DAYLIGHT,01 CLEAR,01 DRY,01 LEVEL,1 STRAIGHT,"TWO-WAY, DIVIDED, POSITIVE MED",,NO CONTROLS,NOT CODED,10,NONE,NOT CODED,NOT CODED,NONE,NOT CODED,NOT CODED,30 CONCRETE TRAFFIC BARRIER,77 OTHER (SEE NARRATIVE),01 STRAIGHT AHEAD,OTHER CONTRIBUTING ACTION,NOT CODED,00 NOT CODED,00 NOT CODED,00 NOT CODED,00 NOT CODED,01 NO,1,0,0,0,1,0,1,2,N,N,N,N,Y,N,N,N,N,N,N,N,N,N,N,N,N,N,N,N,N,N,N,N,N,N,26.654978735,-80.069324743,592619.702556,2948559.37812,R,,ARBM15Q1R2,"February 27, 2022",1002075,-8913276.755529067,3080432.248251938
2015848862680,2015,848862680,FHPL15OFF044753,FLORIDA HIGHWAY PATROL,04 FOURTH,PALM BEACH,"July 15, 2015",1330,THURSDAY,9394 WEST PALM BEACH,0694,Y,I 95,FOREST HILL BLVD,0.189,N,26.6588268,-80.07026,26.655065,-80.0693361,93220000,23.494,02217,SR 9,I 95,R RIGHT,1 THRU LANE 1,N NORTH,01 INTERSTATE URBAN,01 INTERSTATE,01 NON-JUNCTION,01 ON ROADWAY,01 NOT AT INTERSECTION,01 PAVED,35,"June 2, 2015",11 URBAN PRIN ART INT.,64,PAVED WARN,10,,0,,0,32,226000,RCI,5.7,,65,1 NO INJURY,31 Q/C COMPLETED - LOC VERIFIED,0 NO,01 NOT AT INTERSECTION/RRX/BRIDGE,01 DAYLIGHT,03 RAIN,02 WET,04 DOWNHILL,1 STRAIGHT,"TWO-WAY, DIVIDED, POSITIVE MED","TWO-WAY, DIVIDED, POSITIVE MED",NO CONTROLS,NO CONTROLS,10,"RD SURFC (WET, ICY, SNOW, ETC)",NOT CODED,NOT CODED,WEATHER CONDITIONS,NOT CODED,NOT CODED,14 MOTOR VEHICLE IN TRANSPORT,01 FRONT TO REAR,01 STRAIGHT AHEAD,OPERATED MV IN CARLESS OR NEGL,NO CONTRIBUTING ACTION,00 NOT CODED,00 NOT CODED,00 NOT CODED,00 NOT CODED,01 NO,0,0,0,0,2,0,2,2,N,N,N,N,N,N,N,N,N,N,N,N,N,N,N,N,N,N,N,N,Y,N,N,N,N,N,26.654821284,-80.069294547,592622.834882,2948541.960353,R,,ARBM15Q1R2,"February 27, 2022",1002169,-8913273.394154988,3080412.636744132
2015848862700,2015,848862700,FHPL15OFF046786,FLORIDA HIGHWAY PATROL,04 FOURTH,PALM BEACH,"July 24, 2015",1405,SATURDAY,9394 WEST PALM BEACH,0694,Y,I 95,PALM BEACH LAKES BLVD,0.25,N,26.7242147,-80.0918705,26.4746462,-80.0877024,93220000,10.85,05030,SR 9,I 95,L LEFT,3 THRU LANE 3,S SOUTH,01 INTERSTATE URBAN,01 INTERSTATE,01 NON-JUNCTION,01 ON ROADWAY,01 NOT AT INTERSECTION,01 PAVED,38,"June 2, 2015",11 URBAN PRIN ART INT.,64,PAVED WARN,10,LAWN,12,,0,32,195661,RCI,6.1,,65,1 NO INJURY,31 Q/C COMPLETED - LOC VERIFIED,0 NO,01 NOT AT INTERSECTION/RRX/BRIDGE,01 DAYLIGHT,02 CLOUDY,01 DRY,01 LEVEL,1 STRAIGHT,"TWO-WAY, DIVIDED, POSITIVE MED",,NO CONTROLS,NOT CODED,10,OBSTRUCTION IN ROADWAY,DEBRIS,NOT CODED,NONE,NOT CODED,NOT CODED,18 OTHER NON-FIXED OBJECT,77 OTHER (SEE NARRATIVE),01 STRAIGHT AHEAD,NO CONTRIBUTING ACTION,NOT CODED,00 NOT CODED,00 NOT CODED,00 NOT CODED,00 NOT CODED,01 NO,0,0,0,0,1,0,1,1,N,N,N,N,N,N,N,N,N,N,N,N,N,N,N,N,N,N,N,N,N,Y,N,N,Y,N,26.474267596,-80.088167314,590886.881235,2928530.1275,L,,ARBM15Q1R2,"February 27, 2022",1002171,-8915374.30109197,3057941.1885725693
2015848986060,2015,848986060,FHPL15OFF083448,FLORIDA HIGHWAY PATROL,04 FOURTH,PALM BEACH,"December 27, 2015",1010,MONDAY,9394 WEST PALM BEACH,0694,Y,I 95,PALM BEACH LAKES BLVD,0.066,N,26.7189599,-80.08946,26.719425,-80.0906579,93220069,0.216,04523,SR 9,I 95,L LEFT,X RAMP,S SOUTH,07 RAMP URBAN,01 INTERSTATE,01 NON-JUNCTION,01 ON ROADWAY,01 NOT AT INTERSECTION,01 PAVED,0,"December 31, 2000",,48,PAVED,4,LAWN,12,,0,,15500,RCI,5.9,,,2 POSSIBLE INJURY,31 Q/C COMPLETED - LOC VERIFIED,0 NO,08 EXIT RAMP,01 DAYLIGHT,02 CLOUDY,02 WET,01 LEVEL,1 STRAIGHT,ONE-WAY TRAFFICWAY,ONE-WAY TRAFFICWAY,NO CONTROLS,NO CONTROLS,4,NONE,NOT CODED,NOT CODED,NONE,NOT CODED,NOT CODED,14 MOTOR VEHICLE IN TRANSPORT,01 FRONT TO REAR,01 STRAIGHT AHEAD,NO CONTRIBUTING ACTION,NO CONTRIBUTING ACTION,00 NOT CODED,00 NOT CODED,00 NOT CODED,00 NOT CODED,01 NO,3,0,0,0,3,0,3,3,N,N,N,N,N,N,N,N,N,N,Y,N,N,N,N,N,N,N,N,N,N,Y,N,N,Y,N,26.719430628,-80.090683485,590443.108555,2955682.928895,O,,ARBM15Q1R2,"February 27, 2022",1002435,-8915654.400683785,3088462.4460659465
2015848862250,2015,848862250,FHPL15OFF022359,FLORIDA HIGHWAY PATROL,04 FOURTH,PALM BEACH,"April 8, 2015",2335,THURSDAY,9394 WEST PALM BEACH,0694,Y,SR 9,OKEECHOBEE BLVD,0.095,S,26.7051614,-80.0745183,26.7055376,-80.0748957,93220065,0.168,01180,SR 9,I 95,R RIGHT,X RAMP,N NORTH,07 RAMP URBAN,01 INTERSTATE,14 ENTRANCE/EXIT RAMP,03 SHOULDER,01 NOT AT INTERSECTION,01 PAVED,0,"December 31, 2000",,15,PAVED,6,,0,,0,,5500,RCI,5.9,,,2 POSSIBLE INJURY,31 Q/C COMPLETED - LOC VERIFIED,1 ALC,07 ENTRANCE RAMP,04 DARK-LIGHTED,01 CLEAR,01 DRY,04 DOWNHILL,2 CURVE RIGHT,ONE-WAY TRAFFICWAY,,NO CONTROLS,NOT CODED,1,NONE,NOT CODED,NOT CODED,NONE,NOT CODED,NOT CODED,30 CONCRETE TRAFFIC BARRIER,77 OTHER (SEE NARRATIVE),15 NEGOTIATING A CURVE,DROVE TOO FAST FOR CONDITIONS,NOT CODED,00 NOT CODED,00 NOT CODED,00 NOT CODED,00 NOT CODED,01 NO,1,0,0,0,1,0,1,1,N,N,N,N,Y,Y,N,N,N,N,N,Y,N,N,N,N,N,N,N,N,N,N,N,N,N,N,26.705512703,-80.074858816,592028.344938,2954152.663471,O,,ARBM15Q1R2,"February 27, 2022",1002986,-8913892.80616059,3086727.997845953
2015848877890,2015,848877890,FHPL15OFF045613,FLORIDA HIGHWAY PATROL,04 FOURTH,PALM BEACH,"July 19, 2015",0720,MONDAY,9394 WEST PALM BEACH,0694,N,I 95,OKEECHOBEE BLVD,0.009,N,26.70605,-80.07626,26.7064575,-80.07802,93220062,0.168,01752,SR 9,I 95,L LEFT,X RAMP,S SOUTH,07 RAMP URBAN,01 INTERSTATE,14 ENTRANCE/EXIT RAMP,01 ON ROADWAY,01 NOT AT INTERSECTION,01 PAVED,0,"December 31, 2000",,23,PAVED,8,CURB&GUTTER,2,,0,,16500,RCI,0,,,1 NO INJURY,31 Q/C COMPLETED - LOC VERIFIED,0 NO,08 EXIT RAMP,01 DAYLIGHT,01 CLEAR,01 DRY,03 UPHILL,1 STRAIGHT,ONE-WAY TRAFFICWAY,ONE-WAY TRAFFICWAY,TRAFFIC CONTROL SIGNAL,TRAFFIC CONTROL SIGNAL,2,NONE,NOT CODED,NOT CODED,NONE,NOT CODED,NOT CODED,14 MOTOR VEHICLE IN TRANSPORT,01 FRONT TO REAR,01 STRAIGHT AHEAD,NOT CODED,NO CONTRIBUTING ACTION,00 NOT CODED,00 NOT CODED,00 NOT CODED,00 NOT CODED,01 NO,0,0,0,0,1,0,2,1,N,N,N,N,N,N,N,N,N,N,N,N,N,N,N,N,N,N,N,N,N,N,N,N,N,N,26.706460076,-80.078025328,591712.58119,2954255.31538,O,,ARBM15Q1R2,"February 27, 2022",1003138,-8914245.300662657,3086846.052419929
2015848877910,2015,848877910,FHPL15OFF046963,FLORIDA HIGHWAY PATROL,04 FOURTH,PALM BEACH,"July 25, 2015",1100,SUNDAY,9394 WEST PALM BEACH,0694,N,I 95,PGA BLVD,1,S,26.79266,-80.09865,26.8202021,-80.0976297,93220000,35.526,01200,SR 9,I 95,R RIGHT,5 THRU LANE 5,N NORTH,01 INTERSTATE URBAN,01 INTERSTATE,01 NON-JUNCTION,01 ON ROADWAY,01 NOT AT INTERSECTION,01 PAVED,34,"June 2, 2015",11 URBAN PRIN ART INT.,78,PAVED WARN,10,,0,,0,32,160500,RCI,7.4,,65,1 NO INJURY,31 Q/C COMPLETED - LOC VERIFIED,0 NO,01 NOT AT INTERSECTION/RRX/BRIDGE,01 DAYLIGHT,01 CLEAR,01 DRY,01 LEVEL,1 STRAIGHT,"TWO-WAY, DIVIDED, POSITIVE MED","TWO-WAY, DIVIDED, POSITIVE MED",NO CONTROLS,NO CONTROLS,11,NONE,NOT CODED,NOT CODED,NONE,NOT CODED,NOT CODED,14 MOTOR VEHICLE IN TRANSPORT,01 FRONT TO REAR,01 STRAIGHT AHEAD,OPERATED MV IN CARLESS OR NEGL,NO CONTRIBUTING ACTION,00 NOT CODED,00 NOT CODED,00 NOT CODED,00 NOT CODED,01 NO,0,0,0,0,2,0,2,2,N,N,N,N,N,N,N,N,N,N,N,N,N,N,N,N,N,N,N,N,N,Y,Y,N,N,N,26.820096675,-80.097638824,589672.176473,2966828.16561,R,,ARBM15Q1R2,"February 27, 2022",1003139,-8916428.666069385,3101013.747499482
2015848877950,2015,848877950,FHPL15OFF048297,FLORIDA HIGHWAY PATROL,04 FOURTH,PALM BEACH,"July 31, 2015",0551,SATURDAY,9394 WEST PALM BEACH,0694,N,I 95,45TH ST,0.3,S,26.7589399,-80.0913,26.7519527,-80.0898765,93220000,30.735,01188,SR 9,I 95,M MEDIAN,M MIDDLE,N NORTH,01 INTERSTATE URBAN,01 INTERSTATE,01 NON-JUNCTION,03 SHOULDER,01 NOT AT INTERSECTION,01 PAVED,34,"June 2, 2015",11 URBAN PRIN ART INT.,64,PAVED,13,,0,,0,32,214000,RCI,7.4,,65,2 POSSIBLE INJURY,31 Q/C COMPLETED - LOC VERIFIED,0 NO,01 NOT AT INTERSECTION/RRX/BRIDGE,04 DARK-LIGHTED,03 RAIN,02 WET,01 LEVEL,1 STRAIGHT,"TWO-WAY, DIVIDED, POSITIVE MED",,NO CONTROLS,NOT CODED,10,NONE,NOT CODED,NOT CODED,NONE,NOT CODED,NOT CODED,30 CONCRETE TRAFFIC BARRIER,77 OTHER (SEE NARRATIVE),01 STRAIGHT AHEAD,SWERVED OR AVOIDED:  DUE TO WI,NOT CODED,00 NOT CODED,00 NOT CODED,00 NOT CODED,00 NOT CODED,01 NO,1,0,0,0,1,0,1,1,N,N,N,N,Y,N,N,N,N,N,N,N,N,N,N,N,N,N,N,N,N,N,N,N,N,N,26.751805902,-80.089918049,590493.617812,2959269.468931,R,,ARBM15Q1R2,"February 27, 2022",1003271,-8915569.192938281,3092497.865220146
2015848986000,2015,848986000,FHPL15OFF079395,FLORIDA HIGHWAY PATROL,04 FOURTH,PALM BEACH,"December 10, 2015",0748,FRIDAY,9394 WEST PALM BEACH,0694,Y,I 95,BELVEDERE RD,0.019,N,26.70595,-80.07438,26.6907216,-80.0665514,93220000,25.995,05235,SR 9,I 95,R RIGHT,5 THRU LANE 5,N NORTH,01 INTERSTATE URBAN,01 INTERSTATE,01 NON-JUNCTION,01 ON ROADWAY,01 NOT AT INTERSECTION,01 PAVED,35,"June 2, 2015",11 URBAN PRIN ART INT.,64,PAVED WARN,10,,0,,0,32,222000,RCI,6,3D0000,65,2 POSSIBLE INJURY,31 Q/C COMPLETED - LOC VERIFIED,0 NO,06 BRIDGE,01 DAYLIGHT,03 RAIN,02 WET,04 DOWNHILL,1 STRAIGHT,"TWO-WAY, DIVIDED, POSITIVE MED","TWO-WAY, DIVIDED, POSITIVE MED",NO CONTROLS,NO CONTROLS,10,NONE,NOT CODED,NOT CODED,NONE,NOT CODED,NOT CODED,14 MOTOR VEHICLE IN TRANSPORT,01 FRONT TO REAR,14 SLOWING,NO CONTRIBUTING ACTION,NO CONTRIBUTING ACTION,00 NOT CODED,00 NOT CODED,00 NOT CODED,00 NOT CODED,01 NO,3,0,0,0,3,0,3,4,N,N,N,N,N,N,N,N,N,N,N,N,N,N,N,N,N,N,N,N,N,N,N,N,N,N,26.69051324,-80.066587332,592863.355201,2952497.271734,R,,ARBM15Q1R2,"February 27, 2022",1003761,-8912972.02833645,3084859.0058616423
2015848905550,2015,848905550,FHPL15OFF018294,FLORIDA HIGHWAY PATROL,04 FOURTH,PALM BEACH,"March 22, 2015",1430,MONDAY,9394 WEST PALM BEACH,0694,N,I 95,SR 708,0.057,N,26.7823132,-80.0983299,26.7829888,-80.098092,93220078,0.217,05293,SR 9,I 95,R RIGHT,X RAMP,N NORTH,07 RAMP URBAN,01 INTERSTATE,14 ENTRANCE/EXIT RAMP,01 ON ROADWAY,01 NOT AT INTERSECTION,01 PAVED,0,"December 31, 2000",,24,RAISED CURB,0,,0,,0,,14500,RCI,8,,,2 POSSIBLE INJURY,32 Q/C NOT TO BE DONE ON CRASH,0 NO,08 EXIT RAMP,01 DAYLIGHT,02 CLOUDY,01 DRY,01 LEVEL,1 STRAIGHT,ONE-WAY TRAFFICWAY,ONE-WAY TRAFFICWAY,TRAFFIC CONTROL SIGNAL,TRAFFIC CONTROL SIGNAL,2,NONE,NOT CODED,NOT CODED,NONE,NOT CODED,NOT CODED,14 MOTOR VEHICLE IN TRANSPORT,01 FRONT TO REAR,01 STRAIGHT AHEAD,OTHER CONTRIBUTING ACTION,NO CONTRIBUTING ACTION,00 NOT CODED,00 NOT CODED,00 NOT CODED,00 NOT CODED,01 NO,1,0,0,0,3,0,3,4,N,N,N,N,N,N,N,N,N,N,N,N,N,N,N,N,N,N,N,N,N,N,N,N,N,N,26.783018184,-80.098110439,589654.4596,2962720.86,O,,ARBM15Q1R2,"February 27, 2022",1003824,-8916481.165903961,3096389.4114971026
2015849004820,2015,849004820,FHPL15OFF028253,FLORIDA HIGHWAY PATROL,04 FOURTH,PALM BEACH,"May 5, 2015",0255,WEDNESDAY,9394 WEST PALM BEACH,0694,N,I 95,BELVEDERE RD,0.4,N,26.7060199,-80.07304,26.6959251,-80.0689174,93220211,0.4,04933,SR 9,I 95,R RIGHT,X RAMP,N NORTH,07 RAMP URBAN,01 INTERSTATE,01 NON-JUNCTION,01 ON ROADWAY,01 NOT AT INTERSECTION,01 PAVED,0,"December 31, 2000",,17,PAVED,6,,0,,0,,7000,RCI,5.9,,,1 NO INJURY,31 Q/C COMPLETED - LOC VERIFIED,0 NO,07 ENTRANCE RAMP,04 DARK-LIGHTED,03 RAIN,02 WET,01 LEVEL,1 STRAIGHT,"TWO-WAY, DIVIDED, POSITIVE MED",,NO CONTROLS,NOT CODED,2,"RD SURFC (WET, ICY, SNOW, ETC)",NOT CODED,NOT CODED,WEATHER CONDITIONS,NOT CODED,NOT CODED,09 OTHER NON-COLLISION,77 OTHER (SEE NARRATIVE),01 STRAIGHT AHEAD,OTHER CONTRIBUTING ACTION,NOT CODED,00 NOT CODED,00 NOT CODED,00 NOT CODED,00 NOT CODED,01 NO,0,0,0,0,1,0,1,1,N,N,N,N,Y,N,N,N,N,N,N,N,N,N,N,N,N,N,N,N,N,N,N,N,N,N,26.695918994,-80.068932833,592625.622429,2953094.324524,O,,ARBM15Q1R2,"February 27, 2022",1003851,-8913233.128458222,3085532.555598543
2015849004850,2015,849004850,FHPL15OFF028997,FLORIDA HIGHWAY PATROL,04 FOURTH,PALM BEACH,"May 8, 2015",0315,SATURDAY,9394 WEST PALM BEACH,0694,N,I 95,SR 80,0.5,S,26.67604,-80.06833,26.6682747,-80.0706802,93220000,24.411,04276,SR 9,I 95,R RIGHT,R RIGHT TURN,N NORTH,01 INTERSTATE URBAN,01 INTERSTATE,01 NON-JUNCTION,01 ON ROADWAY,01 NOT AT INTERSECTION,01 PAVED,36,"June 2, 2015",11 URBAN PRIN ART INT.,78,PAVED WARN,8,VALLEY GUTR,3,,0,32,226000,RCI,5.7,0D3000,65,3 NO-INCAPACITATING INJURY,31 Q/C COMPLETED - LOC VERIFIED,0 NO,01 NOT AT INTERSECTION/RRX/BRIDGE,04 DARK-LIGHTED,01 CLEAR,01 DRY,01 LEVEL,1 STRAIGHT,"TWO-WAY, DIVIDED, POSITIVE MED","TWO-WAY, DIVIDED, POSITIVE MED",NO CONTROLS,NO CONTROLS,12,NONE,NOT CODED,NOT CODED,NONE,NOT CODED,NOT CODED,09 OTHER NON-COLLISION,77 OTHER (SEE NARRATIVE),77 OTHER (SEE NARRATIVE),NOT CODED,OTHER CONTRIBUTING ACTION,00 NOT CODED,00 NOT CODED,00 NOT CODED,00 NOT CODED,01 NO,1,0,0,0,1,0,2,1,N,N,N,N,N,N,N,N,N,N,N,N,N,N,N,N,N,N,N,N,N,N,N,N,N,N,26.668035306,-80.070725781,592469.739727,2950004.543271,R,,ARBM15Q1R2,"February 27, 2022",1003853,-8913432.718514327,3082058.6274967114
2015848986040,2015,848986040,FHPL15OFF083028,FLORIDA HIGHWAY PATROL,04 FOURTH,PALM BEACH,"December 25, 2015",0715,SATURDAY,9394 WEST PALM BEACH,0694,N,I 95,PALM BEACH LAKES BLVD,0.057,S,26.7189599,-80.08946,26.7164033,-80.0867764,93220000,28.197,01185,SR 9,I 95,R RIGHT,S SIDE OF ROAD,N NORTH,01 INTERSTATE URBAN,01 INTERSTATE,01 NON-JUNCTION,03 SHOULDER,01 NOT AT INTERSECTION,01 PAVED,35,"June 2, 2015",11 URBAN PRIN ART INT.,64,PAVED WARN,9,,0,,0,32,197639,RCI,6.6,,65,2 POSSIBLE INJURY,31 Q/C COMPLETED - LOC VERIFIED,0 NO,01 NOT AT INTERSECTION/RRX/BRIDGE,01 DAYLIGHT,02 CLOUDY,02 WET,01 LEVEL,1 STRAIGHT,"TWO-WAY, DIVIDED, POSITIVE MED",,NO CONTROLS,NOT CODED,10,NONE,NOT CODED,NOT CODED,NONE,NOT CODED,NOT CODED,27 GUARDRAIL FACE,88 UNKNOWN,01 STRAIGHT AHEAD,NO CONTRIBUTING ACTION,NOT CODED,00 NOT CODED,00 NOT CODED,00 NOT CODED,00 NOT CODED,01 NO,1,0,0,0,1,0,1,1,N,N,N,N,Y,N,N,N,N,N,N,N,N,N,N,N,N,N,N,N,N,N,N,N,N,N,26.7162982,-80.086641789,590847.613912,2955338.846361,R,,ARBM15Q1R2,"February 27, 2022",1003889,-8915204.481131332,3088072.065198369
2015850006970,2015,850006970,20150001065,COUNTY SHERIFF'S OFFICE,04 FOURTH,PALM BEACH,"January 18, 2015",1023,MONDAY,9394 WEST PALM BEACH,0694,Y,OKEECHOBEE BLVD,TALLAHASSEE DR,0.069,E,0,0,26.7065632,-80.0963693,93280000,6.45,01739,SR 704,,L LEFT,4 THRU LANE 4,W WEST,30 URBAN 6+LN 2WY DIVD RASD,05 LOCAL,01 NON-JUNCTION,01 ON ROADWAY,01 NOT AT INTERSECTION,03 CURB,31,"June 2, 2014",14 URBAN PRIN ART OTHER,44,PAVED,3,CURB&GUTTER,2,,0,17,44500,RCI,5.9,,45,3 NO-INCAPACITATING INJURY,31 Q/C COMPLETED - LOC VERIFIED,0 NO,04 DRIVEWAY ACCESS,01 DAYLIGHT,01 CLEAR,01 DRY,01 LEVEL,1 STRAIGHT,"TWO-WAY, DIVIDED, POSITIVE MED","TWO-WAY, DIVIDED, POSITIVE MED",NO CONTROLS,NO CONTROLS,8,NONE,NOT CODED,NOT CODED,NONE,NOT CODED,NOT CODED,14 MOTOR VEHICLE IN TRANSPORT,01 FRONT TO REAR,01 STRAIGHT AHEAD,FOLLOWED TOO CLOSELY,NO CONTRIBUTING ACTION,00 NOT CODED,00 NOT CODED,00 NOT CODED,00 NOT CODED,01 NO,1,0,0,0,2,0,2,5,N,N,N,N,N,N,N,N,N,N,N,N,N,N,N,N,N,N,N,N,N,Y,Y,N,N,N,26.706705315,-80.096206644,589903.727947,2954269.526751,L,,ARBM15Q1R2,"February 27, 2022",1004017,-8916269.236203017,3086876.612523096
2015848904080,2015,848904080,FHPL15OFF020747,FLORIDA HIGHWAY PATROL,04 FOURTH,PALM BEACH,"April 2, 2015",0800,FRIDAY,9394 WEST PALM BEACH,0694,N,I 95,SOUTHERN BLVD,0.095,N,26.6766265,-80.0702235,26.6777419,-80.0703198,93220155,0.425,04892,SR 9,I 95,L LEFT,X RAMP,S SOUTH,07 RAMP URBAN,01 INTERSTATE,14 ENTRANCE/EXIT RAMP,01 ON ROADWAY,01 NOT AT INTERSECTION,01 PAVED,0,"December 31, 2000",,23,PAVED,12,LAWN,12,,0,,15500,RCI,7.6,,,1 NO INJURY,31 Q/C COMPLETED - LOC VERIFIED,0 NO,08 EXIT RAMP,01 DAYLIGHT,01 CLEAR,01 DRY,03 UPHILL,1 STRAIGHT,ONE-WAY TRAFFICWAY,ONE-WAY TRAFFICWAY,TRAFFIC CONTROL SIGNAL,TRAFFIC CONTROL SIGNAL,2,NONE,NOT CODED,NOT CODED,NONE,NOT CODED,NOT CODED,14 MOTOR VEHICLE IN TRANSPORT,01 FRONT TO REAR,01 STRAIGHT AHEAD,OPERATED MV IN CARLESS OR NEGL,NO CONTRIBUTING ACTION,00 NOT CODED,00 NOT CODED,00 NOT CODED,00 NOT CODED,01 NO,0,0,0,0,2,0,2,2,N,N,N,N,N,N,N,N,N,N,N,N,N,N,N,N,N,N,N,N,N,N,N,N,N,N,26.67776735,-80.070341459,592500.132615,2951082.770548,O,,ARBM15Q1R2,"February 27, 2022",1004140,-8913389.935971707,3083271.0111170774
2015848904090,2015,848904090,FHPL15OFF021065,FLORIDA HIGHWAY PATROL,04 FOURTH,PALM BEACH,"April 3, 2015",1224,SATURDAY,9394 WEST PALM BEACH,0694,N,I 95,PALM BEACH LAKES BLVD,0.095,N,26.7185883,-80.0901014,26.719834,-80.090846,93220069,0.187,04523,SR 9,I 95,L LEFT,X RAMP,0,07 RAMP URBAN,01 INTERSTATE,14 ENTRANCE/EXIT RAMP,01 ON ROADWAY,01 NOT AT INTERSECTION,01 PAVED,0,"December 31, 2000",,48,PAVED,4,LAWN,12,,0,,15500,RCI,5.9,,,2 POSSIBLE INJURY,31 Q/C COMPLETED - LOC VERIFIED,0 NO,08 EXIT RAMP,01 DAYLIGHT,01 CLEAR,01 DRY,00 NOT CODED,0 NOT CODED,ONE-WAY TRAFFICWAY,ONE-WAY TRAFFICWAY,TRAFFIC CONTROL SIGNAL,TRAFFIC CONTROL SIGNAL,4,NONE,NOT CODED,NOT CODED,NONE,NOT CODED,NOT CODED,14 MOTOR VEHICLE IN TRANSPORT,01 FRONT TO REAR,00 NOT CODED,NOT CODED,NO CONTRIBUTING ACTION,00 NOT CODED,00 NOT CODED,00 NOT CODED,00 NOT CODED,01 NO,1,0,0,0,1,0,2,2,N,N,N,N,N,N,N,N,N,N,N,N,N,N,N,N,N,N,N,N,N,N,N,N,N,N,26.71983485,-80.090863546,590424.878809,2955727.574016,O,,ARBM15Q1R2,"February 27, 2022",1004141,-8915674.445083562,3088512.8232672913