Crash Id,Calendar Year,FDOT Crash Number,Reporting Agency Case Number,Reporting Agency Type,FDOT Managing District,County Name,Crash Date,Crash Time,Day,DHSMV City,Crash Report City Code,In Town,On Roadway Name,Int Roadway Name,Reference Distance (Miles),Reference Direction,Officer Latitude,Officer Longitude,FDOT Latitude,FDOT Longitude,FDOT Roadway,Nearest Inventory MP,Nearest Node From Crash,State Road #,US Highway,Crash Side of Road,Accident Lane Number,Travel Direction Vehicle 1,FDOT Road Category,DHSMV Road System Id,Relation to Junction,Crash Harmful Event Location,Intersection Type,Shoulder Type,FDOT Roadway SKID Test Result,FDOT Roadway SKID Test Date,Functional Class,RCI Surface Width,RCI Shoulder Type First,RCI Shoulder Width First,RCI Shoulder Type Second,RCI Shoulder Width Second,RCI Shoulder Type Third,RCI Shoulder Width Third,RCI Median Width,Avg Daily Traffic,AADT Source,RCI Avg Per Truck Traffic,RCI Horiz Curve Condition,Posted Speed Limit,Highest Injury in Crash,CAR Status Code,Alcohols/Drug Involved,Site Location,Lighting,Weather,Road Surface,Roadway Grade,Roadway Alignment,Traffic Way Vehicle 1,Traffic Way Vehicle 2,Traffic Control Vehicle 1,Traffic Control Vehicle 2,Count of Lanes,Road Condition 1,Road Condition 2,Road Condition 3,Environment Condition 1,Environment Condition 2,Environment Condition 3,Crash Harmful Event,Manner of Collision,Vehicle Movement,Driver Action Vehicle 1,Driver Action Vehicle 2,Location Within Workzone,Type of Workzone,Workers Present in Workzone,Law Enforcement Present in Workzone,School Bus Related,Count of Nonfatal Injuries,Count of Traffic Fatalities,Count of Serious Injuries,Count of Pedestrians,Count of Drivers,Count of Bicyclists,Count of Vehicles,Count of Persons,Wrong Way,Workzone Inv,Commercial Vehicle Inv,Intersection Inv,Lane Departure,Speeding,Agressive Driving,Impaired Driver,Impaired Pedestrian,Impaired Bicyclist,Distracted Driver,Speeding or Aggressive Driving,Pedestrian Related,Bicyclist Related,Pedestrian or Bicyclist Related,Motorcycle Inv,No Belt,No Belt - Ages 1-4,No Belt - Ages 5-12,No Belt - Ages 13-17,Driver - Ages Teen,Driver - Ages 65 plus,Driver - Ages 65-69,Driver - Ages 70-74,Driver - Ages 75-79,Driver - Ages 80 plus,ARBM Latitude,ARBM Longitude,UTM Zone 17N X,UTM Zone 17N Y,ARBM Side of Road,Urban Rural Indicator,GIS Street Source,Extract Date,OBJECTID,x,y
2015859347910,2015,859347910,20150008348,COUNTY SHERIFF'S OFFICE,04 FOURTH,PALM BEACH,"May 14, 2015",0856,FRIDAY,9394 WEST PALM BEACH,0694,Y,45TH ST,METROCENTRE BLVD N,0.002,W,0,0,26.759188,-80.096697,93510000,0.733,,,,R RIGHT,3 THRU LANE 3,E EAST,,04 COUNTY,01 NON-JUNCTION,01 ON ROADWAY,01 NOT AT INTERSECTION,03 CURB,0,"December 31, 2000",,,,0,,0,,0,,,RCI,0,,,3 NO-INCAPACITATING INJURY,33 Q/C VERIFIED AS OFF-SYSTEM,0 NO,01 NOT AT INTERSECTION/RRX/BRIDGE,01 DAYLIGHT,01 CLEAR,01 DRY,01 LEVEL,1 STRAIGHT,"TWO-WAY, DIVIDED, POSITIVE MED","TWO-WAY, DIVIDED, POSITIVE MED",NO CONTROLS,NO CONTROLS,,NONE,NOT CODED,NOT CODED,NONE,NOT CODED,NOT CODED,14 MOTOR VEHICLE IN TRANSPORT,01 FRONT TO REAR,01 STRAIGHT AHEAD,NOT CODED,NO CONTRIBUTING ACTION,00 NOT CODED,00 NOT CODED,00 NOT CODED,00 NOT CODED,01 NO,1,0,0,0,1,0,2,1,N,N,N,N,N,N,N,N,N,N,N,N,N,N,N,N,N,N,N,N,N,N,N,N,N,N,26.759186303,-80.096697088,589813.710903,2960082.14658,R,U,ARBM15Q1R2,"February 27, 2022",1170919,-8916323.83226592,3093417.956823784
2015859347950,2015,859347950,20150008356,COUNTY SHERIFF'S OFFICE,04 FOURTH,PALM BEACH,"May 14, 2015",1015,FRIDAY,9394 WEST PALM BEACH,0694,Y,36TH ST,BROADWAY,0.009,E,0,0,26.7460528,-80.056528,93020000,10.945,00760,SR 5,US 1,R RIGHT,1 THRU LANE 1,0,21 URBAN 4-5LN 2WY DIVD PAVD,05 LOCAL,14 ENTRANCE/EXIT RAMP,01 ON ROADWAY,01 NOT AT INTERSECTION,03 CURB,41,"June 23, 2013",16 URBAN MINOR ART,22,CURB&GUTTER,2,,0,,0,16,18300,RCI,5.3,,35,1 NO INJURY,31 Q/C COMPLETED - LOC VERIFIED,0 NO,02 AT INTERSECTION,01 DAYLIGHT,01 CLEAR,01 DRY,00 NOT CODED,0 NOT CODED,NOT CODED,"TWO-WAY, NOT DIVIDED",NOT CODED,NO CONTROLS,4,NONE,NOT CODED,NOT CODED,NONE,NOT CODED,NOT CODED,14 MOTOR VEHICLE IN TRANSPORT,03 ANGLE,00 NOT CODED,NOT CODED,NO CONTRIBUTING ACTION,00 NOT CODED,00 NOT CODED,00 NOT CODED,00 NOT CODED,01 NO,0,0,0,0,1,0,2,1,N,N,N,Y,N,N,N,N,N,N,N,N,N,N,N,N,N,N,N,N,N,N,N,N,N,N,26.746015351,-80.05653419,593818.058366,2958652.255231,C,,ARBM15Q1R2,"February 27, 2022",1170920,-8911852.917580668,3091776.0170593
2015859347960,2015,859347960,20150008360,COUNTY SHERIFF'S OFFICE,04 FOURTH,PALM BEACH,"May 14, 2015",1109,FRIDAY,9394 WEST PALM BEACH,0694,Y,OKEECHOBEE BLVD,PARKER AVE,0,,0,0,26.7058382,-80.0614448,93280000,8.612,01766,SR 704,,L LEFT,2 THRU LANE 2,W WEST,30 URBAN 6+LN 2WY DIVD RASD,03 STATE,05 RAILWAY GRADE CROSSING,01 ON ROADWAY,02 FOUR-WAY INTERSECTION,01 PAVED,36,"June 2, 2014",14 URBAN PRIN ART OTHER,47,CURB&GUTTER,2,,0,,0,90,46000,RCI,5.9,,35,1 NO INJURY,31 Q/C COMPLETED - LOC VERIFIED,0 NO,02 AT INTERSECTION,01 DAYLIGHT,01 CLEAR,01 DRY,01 LEVEL,1 STRAIGHT,"TWO-WAY, DIVIDED, POSITIVE MED","TWO-WAY, DIVIDED, POSITIVE MED",NO CONTROLS,NO CONTROLS,6,NONE,NONE,NOT CODED,NONE,NOT CODED,NOT CODED,14 MOTOR VEHICLE IN TRANSPORT,01 FRONT TO REAR,01 STRAIGHT AHEAD,FOLLOWED TOO CLOSELY,NO CONTRIBUTING ACTION,00 NOT CODED,00 NOT CODED,00 NOT CODED,00 NOT CODED,01 NO,0,0,0,0,2,0,2,2,N,N,N,Y,N,N,N,N,N,N,N,N,N,N,N,N,N,N,N,N,N,N,N,N,N,N,26.706106699,-80.061136478,593392.961694,2954228.43673,L,,ARBM15Q1R2,"February 27, 2022",1170921,-8912365.241956765,3086802.017173251
2015859349070,2015,859349070,20150008798,COUNTY SHERIFF'S OFFICE,04 FOURTH,PALM BEACH,"May 21, 2015",1905,FRIDAY,9394 WEST PALM BEACH,0694,Y,OKEECHOBEE BLVD,PARKER AVE,0.014,W,0,0,26.7058554,-80.0615892,93280000,8.603,01766,SR 704,,M MEDIAN,M MIDDLE,E EAST,30 URBAN 6+LN 2WY DIVD RASD,04 COUNTY,03 INTERSECTION-RELATED,01 ON ROADWAY,02 FOUR-WAY INTERSECTION,01 PAVED,36,"June 2, 2014",14 URBAN PRIN ART OTHER,47,CURB&GUTTER,2,,0,,0,90,46000,RCI,5.9,,35,2 POSSIBLE INJURY,31 Q/C COMPLETED - LOC VERIFIED,0 NO,01 NOT AT INTERSECTION/RRX/BRIDGE,01 DAYLIGHT,01 CLEAR,01 DRY,01 LEVEL,1 STRAIGHT,"TWO-WAY, DIVIDED, UNPROTECTED",,NO CONTROLS,NOT CODED,6,NONE,NOT CODED,NOT CODED,NONE,NOT CODED,NOT CODED,24 CURB,03 ANGLE,01 STRAIGHT AHEAD,DROVE TOO FAST FOR CONDITIONS,NOT CODED,00 NOT CODED,00 NOT CODED,00 NOT CODED,00 NOT CODED,01 NO,1,0,0,0,1,0,1,1,N,N,N,N,N,Y,N,N,N,N,N,Y,N,N,N,Y,N,N,N,N,N,N,N,N,N,N,26.705823575,-80.061623733,593344.720512,2954196.720026,R,,ARBM15Q1R2,"February 27, 2022",1171284,-8912419.482949907,3086766.7363543613
2015859349080,2015,859349080,20150008801,COUNTY SHERIFF'S OFFICE,04 FOURTH,PALM BEACH,"May 21, 2015",2043,FRIDAY,9394 WEST PALM BEACH,0694,Y,N JOG RD,ROEBUCK RD,0.008,S,0,0,26.73644,-80.136017,93000220,3.6,,,,R RIGHT,2 THRU LANE 2,N NORTH,,03 STATE,01 NON-JUNCTION,01 ON ROADWAY,01 NOT AT INTERSECTION,01 PAVED,0,"December 31, 2000",,,,0,,0,,0,,,RCI,0,,,1 NO INJURY,33 Q/C VERIFIED AS OFF-SYSTEM,0 NO,01 NOT AT INTERSECTION/RRX/BRIDGE,04 DARK-LIGHTED,01 CLEAR,01 DRY,03 UPHILL,1 STRAIGHT,"TWO-WAY, DIVIDED, POSITIVE MED","TWO-WAY, DIVIDED, POSITIVE MED",NO CONTROLS,NO CONTROLS,,NONE,NOT CODED,NOT CODED,NONE,NOT CODED,NOT CODED,14 MOTOR VEHICLE IN TRANSPORT,"04 SIDESWIPE, SAME DIRECTION",06 CHANGING LANES,NO CONTRIBUTING ACTION,NO CONTRIBUTING ACTION,00 NOT CODED,00 NOT CODED,00 NOT CODED,00 NOT CODED,01 NO,0,0,0,0,2,0,2,4,N,N,N,N,Y,N,N,N,N,N,N,N,N,N,N,N,N,N,N,N,Y,N,N,N,N,N,26.73643984,-80.13601588,585921.235914,2957535.53522,R,U,ARBM15Q1R2,"February 27, 2022",1171285,-8920700.781414637,3090582.4175749114
2015859349110,2015,859349110,20150008814,COUNTY SHERIFF'S OFFICE,04 FOURTH,PALM BEACH,"May 22, 2015",0545,SATURDAY,9394 WEST PALM BEACH,0694,Y,44TH ST,SPRUCE AVE,0.027,W,0,0,26.752056,-80.05486,93A10652,0.303,,,,L LEFT,1 THRU LANE 1,0,,05 LOCAL,01 NON-JUNCTION,03 SHOULDER,01 NOT AT INTERSECTION,03 CURB,0,"December 31, 2000",,,,0,,0,,0,,,RCI,0,,,0 UNKNOWN/NOT CODED,33 Q/C VERIFIED AS OFF-SYSTEM,0 NO,01 NOT AT INTERSECTION/RRX/BRIDGE,06 DARK-UNKNOWN LIGHTING,01 CLEAR,01 DRY,01 LEVEL,1 STRAIGHT,"TWO-WAY, NOT DIVIDED","TWO-WAY, NOT DIV, W/CONT LTURN",UNKNOWN,NO CONTROLS,,UNKNOWN,NOT CODED,NOT CODED,UNKNOWN,NOT CODED,NOT CODED,18 OTHER NON-FIXED OBJECT,77 OTHER (SEE NARRATIVE),01 STRAIGHT AHEAD,NOT CODED,NOT CODED,00 NOT CODED,00 NOT CODED,00 NOT CODED,00 NOT CODED,01 NO,0,0,0,0,0,0,2,0,N,N,N,N,Y,N,N,N,N,N,N,N,N,N,N,N,N,N,N,N,N,N,N,N,N,N,26.752054193,-80.054860099,593979.572105,2959322.378277,C,U,ARBM15Q1R2,"February 27, 2022",1171286,-8911666.558608072,3092528.8180395644
2015859357900,2015,859357900,20150012252,COUNTY SHERIFF'S OFFICE,04 FOURTH,PALM BEACH,"July 17, 2015",0812,SATURDAY,9394 WEST PALM BEACH,0694,Y,IRIS ST,S TAMARIND AVE,0.047,E,0,0,26.707663,-80.061305,93A11677,,,,,R RIGHT,S SIDE OF ROAD,E EAST,,03 STATE,01 NON-JUNCTION,01 ON ROADWAY,01 NOT AT INTERSECTION,03 CURB,0,"December 31, 2000",,,,0,,0,,0,,,RCI,0,,,3 NO-INCAPACITATING INJURY,33 Q/C VERIFIED AS OFF-SYSTEM,1 ALC,01 NOT AT INTERSECTION/RRX/BRIDGE,01 DAYLIGHT,01 CLEAR,01 DRY,01 LEVEL,1 STRAIGHT,"TWO-WAY, NOT DIVIDED",,NO CONTROLS,NOT CODED,,NONE,NOT CODED,NOT CODED,NONE,NOT CODED,NOT CODED,24 CURB,03 ANGLE,01 STRAIGHT AHEAD,OPERATED MV IN CARLESS OR NEGL,NOT CODED,00 NOT CODED,00 NOT CODED,00 NOT CODED,00 NOT CODED,01 NO,1,0,0,0,1,0,1,3,N,N,N,N,Y,N,N,Y,N,N,N,N,N,N,N,N,Y,N,N,N,N,N,N,N,N,N,26.70766155,-80.061305055,593374.92344,2954400.533986,C,U,ARBM15Q1R2,"February 27, 2022",1171431,-8912384.007981133,3086995.7728151316
2015859351690,2015,859351690,20150009799,COUNTY SHERIFF'S OFFICE,04 FOURTH,PALM BEACH,"June 7, 2015",1655,MONDAY,9394 WEST PALM BEACH,0694,Y,PALM BEACH LAKES BLVD,N ROBBINS DR,0,E,0,0,26.716041,-80.092058,93014500,0.838,,,,I INTERSECTION,M MIDDLE,E EAST,,05 LOCAL,02 INTERSECTION,01 ON ROADWAY,02 FOUR-WAY INTERSECTION,01 PAVED,0,"December 31, 2000",,,,0,,0,,0,,,RCI,0,,,1 NO INJURY,33 Q/C VERIFIED AS OFF-SYSTEM,0 NO,02 AT INTERSECTION,01 DAYLIGHT,01 CLEAR,01 DRY,01 LEVEL,1 STRAIGHT,"TWO-WAY, DIVIDED, POSITIVE MED","TWO-WAY, DIVIDED, POSITIVE MED",NO CONTROLS,NO CONTROLS,,NONE,NOT CODED,NOT CODED,NONE,NOT CODED,NOT CODED,14 MOTOR VEHICLE IN TRANSPORT,01 FRONT TO REAR,01 STRAIGHT AHEAD,NO CONTRIBUTING ACTION,NO CONTRIBUTING ACTION,00 NOT CODED,00 NOT CODED,00 NOT CODED,00 NOT CODED,01 NO,0,0,0,0,2,0,2,3,N,N,N,Y,N,N,N,N,N,N,Y,N,N,N,N,N,N,N,N,N,N,N,N,N,N,N,26.716045073,-80.092057324,590309.1278,2955306.9598,R,U,ARBM15Q1R2,"February 27, 2022",1171494,-8915807.3358244,3088040.519546681
2015859351820,2015,859351820,20150009854,COUNTY SHERIFF'S OFFICE,04 FOURTH,PALM BEACH,"June 8, 2015",1551,TUESDAY,9394 WEST PALM BEACH,0694,Y,25TH ST,N AUSTRALIAN AVE,0.066,E,0,0,26.736626,-80.066518,93000056,0.073,,,,L LEFT,S SIDE OF ROAD,W WEST,,05 LOCAL,01 NON-JUNCTION,02 OFF ROADWAY,01 NOT AT INTERSECTION,02 UNPAVED,0,"December 31, 2000",,,,0,,0,,0,,,RCI,0,,,3 NO-INCAPACITATING INJURY,33 Q/C VERIFIED AS OFF-SYSTEM,0 NO,01 NOT AT INTERSECTION/RRX/BRIDGE,01 DAYLIGHT,02 CLOUDY,01 DRY,01 LEVEL,3 CURVE LEFT,"TWO-WAY, NOT DIVIDED",,NO CONTROLS,NOT CODED,,NONE,NONE,NONE,NONE,NONE,NONE,33 UTILITY POLE/LIGHT SUPPORT,77 OTHER (SEE NARRATIVE),01 STRAIGHT AHEAD,OTHER CONTRIBUTING ACTION,NOT CODED,00 NOT CODED,00 NOT CODED,00 NOT CODED,00 NOT CODED,01 NO,1,0,0,0,1,0,1,1,N,N,N,N,Y,N,N,N,N,N,Y,N,N,N,N,N,Y,N,N,N,N,N,N,N,N,N,26.736622647,-80.066517501,592832.894562,2957604.563395,C,U,ARBM15Q1R2,"February 27, 2022",1171495,-8912964.254942067,3090605.2040004395
2015859355730,2015,859355730,20150011312,COUNTY SHERIFF'S OFFICE,04 FOURTH,PALM BEACH,"July 2, 2015",1508,FRIDAY,9394 WEST PALM BEACH,0694,Y,SOUTHERN BLVD,PARKER AVE,0.028,E,0,0,26.6759006,-80.0626576,93120000,20.392,00374,SR 80,US 98,R RIGHT,2 THRU LANE 2,E EAST,21 URBAN 4-5LN 2WY DIVD PAVD,03 STATE,01 NON-JUNCTION,01 ON ROADWAY,01 NOT AT INTERSECTION,03 CURB,40,"June 1, 2015",14 URBAN PRIN ART OTHER,22,RAISED CURB,0,,0,,0,12,23500,RCI,5.6,,35,1 NO INJURY,31 Q/C COMPLETED - LOC VERIFIED,0 NO,03 INFLUENCED BY INTERSECTION,01 DAYLIGHT,01 CLEAR,01 DRY,02 HILLCREST,1 STRAIGHT,"TWO-WAY, NOT DIVIDED","TWO-WAY, NOT DIVIDED",NO CONTROLS,NO CONTROLS,4,NONE,NOT CODED,NOT CODED,NONE,NOT CODED,NOT CODED,14 MOTOR VEHICLE IN TRANSPORT,01 FRONT TO REAR,01 STRAIGHT AHEAD,OPERATED MV IN CARLESS OR NEGL,NO CONTRIBUTING ACTION,00 NOT CODED,00 NOT CODED,00 NOT CODED,00 NOT CODED,01 NO,0,0,0,0,2,0,2,5,N,N,N,Y,N,N,N,N,N,N,N,N,N,N,N,N,N,N,N,N,N,N,N,N,N,N,26.675905033,-80.062805721,593251.486334,2950881.979782,C,,ARBM15Q1R2,"February 27, 2022",1171497,-8912551.061193846,3083039.002364105
2015859355750,2015,859355750,20150011325,COUNTY SHERIFF'S OFFICE,04 FOURTH,PALM BEACH,"July 2, 2015",2041,FRIDAY,9394 WEST PALM BEACH,0694,Y,BROADWAY,47TH ST,0,,0,0,26.7545335,-80.0559926,93020000,11.53,00771,SR 5,US 1,R RIGHT,2 THRU LANE 2,E EAST,21 URBAN 4-5LN 2WY DIVD PAVD,02 U.S.,02 INTERSECTION,01 ON ROADWAY,02 FOUR-WAY INTERSECTION,01 PAVED,41,"June 23, 2013",16 URBAN MINOR ART,22,CURB&GUTTER,2,,0,,0,16,20500,RCI,2.9,,35,2 POSSIBLE INJURY,31 Q/C COMPLETED - LOC VERIFIED,0 NO,02 AT INTERSECTION,04 DARK-LIGHTED,01 CLEAR,01 DRY,01 LEVEL,1 STRAIGHT,"TWO-WAY, DIVIDED, UNPROTECTED","TWO-WAY, DIVIDED, UNPROTECTED",STOP SIGN,NO CONTROLS,4,NONE,NOT CODED,NOT CODED,NONE,NOT CODED,NOT CODED,14 MOTOR VEHICLE IN TRANSPORT,02 FRONT TO FRONT,01 STRAIGHT AHEAD,RAN STOP SIGN,NO CONTRIBUTING ACTION,00 NOT CODED,00 NOT CODED,00 NOT CODED,00 NOT CODED,01 NO,1,0,0,0,2,0,2,7,N,N,N,Y,N,N,Y,N,N,N,N,Y,N,N,N,N,N,N,N,N,N,N,N,N,N,N,26.754513934,-80.055997998,593864.398607,2959593.990057,C,,ARBM15Q1R2,"February 27, 2022",1171503,-8911793.229006188,3092835.4603034034
2015859355780,2015,859355780,20150011334,COUNTY SHERIFF'S OFFICE,04 FOURTH,PALM BEACH,"July 3, 2015",0005,SATURDAY,9394 WEST PALM BEACH,0694,Y,HAVERHILL RD N,47TH PL N,0.5,N,0,0,26.754443,-80.117329,93000004,3.27,,,,R RIGHT,S SIDE OF ROAD,S SOUTH,,05 LOCAL,01 NON-JUNCTION,02 OFF ROADWAY,01 NOT AT INTERSECTION,03 CURB,0,"December 31, 2000",,,,0,,0,,0,,,RCI,0,,,3 NO-INCAPACITATING INJURY,33 Q/C VERIFIED AS OFF-SYSTEM,0 NO,01 NOT AT INTERSECTION/RRX/BRIDGE,05 DARK-NOT LIGHTED,01 CLEAR,01 DRY,01 LEVEL,1 STRAIGHT,"TWO-WAY, DIVIDED, UNPROTECTED",,NO CONTROLS,NOT CODED,,NONE,NOT CODED,NOT CODED,NONE,NOT CODED,NOT CODED,27 GUARDRAIL FACE,03 ANGLE,01 STRAIGHT AHEAD,OTHER CONTRIBUTING ACTION,NOT CODED,00 NOT CODED,00 NOT CODED,00 NOT CODED,00 NOT CODED,01 NO,2,0,0,0,1,0,1,3,N,N,N,N,Y,N,N,N,N,N,N,N,N,N,N,N,N,N,N,N,Y,N,N,N,N,N,26.754443051,-80.117329611,587765.803698,2959542.371064,C,U,ARBM15Q1R2,"February 27, 2022",1171504,-8918620.63489133,3092826.623443438
2015859355810,2015,859355810,20150011381,COUNTY SHERIFF'S OFFICE,04 FOURTH,PALM BEACH,"July 3, 2015",1810,SATURDAY,9394 WEST PALM BEACH,0694,Y,OKEECHOBEE BLVD,PALM BEACH LAKES BLVD,0,,0,0,26.7066856,-80.1004154,93280000,6.2,03983,SR 704,,L LEFT,3 THRU LANE 3,U UNNWN,30 URBAN 6+LN 2WY DIVD RASD,03 STATE,02 INTERSECTION,01 ON ROADWAY,02 FOUR-WAY INTERSECTION,01 PAVED,31,"June 2, 2014",14 URBAN PRIN ART OTHER,33,PAVED,3,CURB&GUTTER,2,,0,29,69000,RCI,3.6,,45,1 NO INJURY,31 Q/C COMPLETED - LOC VERIFIED,0 NO,02 AT INTERSECTION,01 DAYLIGHT,01 CLEAR,01 DRY,01 LEVEL,1 STRAIGHT,"TWO-WAY, DIVIDED, POSITIVE MED","TWO-WAY, NOT DIVIDED",NO CONTROLS,NO CONTROLS,7,NONE,NOT CODED,NOT CODED,NONE,NOT CODED,NOT CODED,14 MOTOR VEHICLE IN TRANSPORT,03 ANGLE,01 STRAIGHT AHEAD,NOT CODED,NO CONTRIBUTING ACTION,00 NOT CODED,00 NOT CODED,00 NOT CODED,00 NOT CODED,01 NO,0,0,0,0,1,0,2,1,N,N,N,Y,N,N,N,N,N,N,N,N,N,N,N,N,N,N,N,N,N,N,N,N,N,N,26.706825075,-80.100268939,589499.522579,2954279.933065,L,,ARBM15Q1R2,"February 27, 2022",1171505,-8916721.44884843,3086891.536235147
2015859355850,2015,859355850,20150011397,COUNTY SHERIFF'S OFFICE,04 FOURTH,PALM BEACH,"July 3, 2015",2246,SATURDAY,9394 WEST PALM BEACH,0694,Y,S AUSTRALIAN AVE,CLEARWATER PL,0.114,S,0,0,26.70828,-80.064509,93025500,0.069,,,,L LEFT,2 THRU LANE 2,S SOUTH,,05 LOCAL,01 NON-JUNCTION,01 ON ROADWAY,01 NOT AT INTERSECTION,01 PAVED,0,"December 31, 2000",,,,0,,0,,0,,,RCI,0,,,2 POSSIBLE INJURY,33 Q/C VERIFIED AS OFF-SYSTEM,0 NO,01 NOT AT INTERSECTION/RRX/BRIDGE,04 DARK-LIGHTED,01 CLEAR,01 DRY,01 LEVEL,2 CURVE RIGHT,"TWO-WAY, DIVIDED, POSITIVE MED","TWO-WAY, DIVIDED, POSITIVE MED",NO CONTROLS,NO CONTROLS,,NONE,NOT CODED,NOT CODED,NONE,NOT CODED,NOT CODED,14 MOTOR VEHICLE IN TRANSPORT,"04 SIDESWIPE, SAME DIRECTION",01 STRAIGHT AHEAD,NO CONTRIBUTING ACTION,NO CONTRIBUTING ACTION,00 NOT CODED,00 NOT CODED,00 NOT CODED,00 NOT CODED,01 NO,1,0,0,0,2,0,2,2,N,N,N,N,Y,N,N,N,N,N,N,N,N,N,N,N,N,N,N,N,N,N,N,N,N,N,26.708279752,-80.064507874,593055.809518,2954466.665915,L,U,ARBM15Q1R2,"February 27, 2022",1171506,-8912740.544181116,3087072.8098572385
2015859355870,2015,859355870,20150011405,COUNTY SHERIFF'S OFFICE,04 FOURTH,PALM BEACH,"July 4, 2015",0102,SUNDAY,9394 WEST PALM BEACH,0694,Y,PALM BEACH LAKES BLVD,FORUM WAY,0.008,W,0,0,26.725166,-80.08051,93014500,1.832,,,,L LEFT,S SIDE OF ROAD,W WEST,,05 LOCAL,01 NON-JUNCTION,01 ON ROADWAY,01 NOT AT INTERSECTION,03 CURB,0,"December 31, 2000",,,,0,,0,,0,,,RCI,0,,,2 POSSIBLE INJURY,33 Q/C VERIFIED AS OFF-SYSTEM,0 NO,01 NOT AT INTERSECTION/RRX/BRIDGE,04 DARK-LIGHTED,01 CLEAR,01 DRY,01 LEVEL,3 CURVE LEFT,"TWO-WAY, DIVIDED, POSITIVE MED",,NO CONTROLS,NOT CODED,,NONE,NOT CODED,NOT CODED,NONE,NOT CODED,NOT CODED,14 MOTOR VEHICLE IN TRANSPORT,03 ANGLE,01 STRAIGHT AHEAD,OPERATED MV IN CARLESS OR NEGL,NOT CODED,00 NOT CODED,00 NOT CODED,00 NOT CODED,00 NOT CODED,01 NO,1,0,0,0,1,0,1,1,N,N,N,N,Y,N,N,N,N,N,N,N,N,N,N,N,Y,N,N,N,N,N,N,N,N,N,26.725166306,-80.080510027,591450.455378,2956325.494054,L,U,ARBM15Q1R2,"February 27, 2022",1171507,-8914521.896266822,3089177.2866094224
2015859356020,2015,859356020,20150011459,COUNTY SHERIFF'S OFFICE,04 FOURTH,PALM BEACH,"July 5, 2015",0505,MONDAY,9394 WEST PALM BEACH,0694,Y,OLIVE AVE S,OKEECHOBEE BLVD,0.003,N,0,0,26.70542,-80.0517755,93280000,9.211,00646,SR 704,,T SIDE RD LEFT,S SIDE OF ROAD,E EAST,40 URBAN ONE WAY,03 STATE,01 NON-JUNCTION,02 OFF ROADWAY,01 NOT AT INTERSECTION,03 CURB,40,"June 2, 2014",14 URBAN PRIN ART OTHER,22,PAVED,2,CURB&GUTTER,2,,0,,19000,RCI,5.5,,35,0 UNKNOWN/NOT CODED,31 Q/C COMPLETED - LOC VERIFIED,0 NO,02 AT INTERSECTION,04 DARK-LIGHTED,01 CLEAR,01 DRY,01 LEVEL,1 STRAIGHT,ONE-WAY TRAFFICWAY,,NO CONTROLS,NOT CODED,2,NONE,NOT CODED,NOT CODED,NONE,NOT CODED,NOT CODED,14 MOTOR VEHICLE IN TRANSPORT,03 ANGLE,03 TURNING LEFT,NOT CODED,NOT CODED,00 NOT CODED,00 NOT CODED,00 NOT CODED,00 NOT CODED,01 NO,0,0,0,0,0,0,1,0,N,N,N,Y,N,N,N,N,N,N,N,N,N,N,N,N,N,N,N,N,N,N,N,N,N,N,26.705415076,-80.051794199,594322.90053,2954158.70872,O,,ARBM15Q1R2,"February 27, 2022",1171769,-8911325.263960848,3086715.8323539975
2015859349210,2015,859349210,20150008848,COUNTY SHERIFF'S OFFICE,04 FOURTH,PALM BEACH,"May 22, 2015",2230,SATURDAY,9394 WEST PALM BEACH,0694,Y,SOUTHERN BLVD,LAKE AVE,0.019,W,0,0,26.6758708,-80.0613987,93120000,20.47,00375,SR 80,US 98,L LEFT,2 THRU LANE 2,W WEST,21 URBAN 4-5LN 2WY DIVD PAVD,05 LOCAL,01 NON-JUNCTION,01 ON ROADWAY,01 NOT AT INTERSECTION,03 CURB,40,"June 1, 2015",14 URBAN PRIN ART OTHER,22,RAISED CURB,0,,0,,0,12,23500,RCI,5.6,,35,1 NO INJURY,31 Q/C COMPLETED - LOC VERIFIED,0 NO,04 DRIVEWAY ACCESS,04 DARK-LIGHTED,01 CLEAR,02 WET,01 LEVEL,1 STRAIGHT,"TWO-WAY, DIVIDED, UNPROTECTED","TWO-WAY, DIVIDED, UNPROTECTED",NO CONTROLS,NO CONTROLS,4,NONE,NOT CODED,NOT CODED,NONE,NOT CODED,NOT CODED,14 MOTOR VEHICLE IN TRANSPORT,"04 SIDESWIPE, SAME DIRECTION",06 CHANGING LANES,OPERATED MV IN CARLESS OR NEGL,NO CONTRIBUTING ACTION,00 NOT CODED,00 NOT CODED,00 NOT CODED,00 NOT CODED,01 NO,0,0,0,0,2,0,2,5,N,N,N,N,Y,N,Y,N,N,N,Y,Y,N,N,N,N,N,N,N,N,N,N,N,N,N,N,26.675861859,-80.061547224,593376.749466,2950878.11798,C,,ARBM15Q1R2,"February 27, 2022",1171851,-8912410.965937262,3083033.6237409827
2015859355970,2015,859355970,20150011439,COUNTY SHERIFF'S OFFICE,04 FOURTH,PALM BEACH,"July 4, 2015",1825,SUNDAY,9394 WEST PALM BEACH,0694,Y,BROADWAY,NORTHWOOD RD,0,,0,0,26.7353023,-80.0528476,93020000,9.964,00745,SR 5,US 1,E END OF ST RD,E END OF ST RD,S SOUTH,22 URBAN 4-5LN 2WY UNDIVD,05 LOCAL,01 NON-JUNCTION,02 OFF ROADWAY,03 T-INTERSECTION,03 CURB,46,"June 23, 2013",16 URBAN MINOR ART,44,CURB&GUTTER,2,,0,,0,,18300,RCI,5.3,,30,1 NO INJURY,31 Q/C COMPLETED - LOC VERIFIED,0 NO,02 AT INTERSECTION,01 DAYLIGHT,01 CLEAR,01 DRY,01 LEVEL,1 STRAIGHT,"TWO-WAY, NOT DIV, W/CONT LTURN",,STOP SIGN,NOT CODED,4,NONE,NOT CODED,NOT CODED,NONE,NOT CODED,NOT CODED,24 CURB,77 OTHER (SEE NARRATIVE),01 STRAIGHT AHEAD,OPERATED MV IN CARLESS OR NEGL,NOT CODED,00 NOT CODED,00 NOT CODED,00 NOT CODED,00 NOT CODED,01 NO,0,0,0,0,1,0,1,2,N,N,N,Y,N,Y,Y,N,N,N,Y,Y,N,N,N,N,N,N,N,N,N,N,N,N,N,N,26.735224651,-80.052837335,594194.584153,2957459.761951,C,,ARBM15Q1R2,"February 27, 2022",1172312,-8911441.385315327,3090430.950239491