Crash Id,Calendar Year,FDOT Crash Number,Reporting Agency Case Number,Reporting Agency Type,FDOT Managing District,County Name,Crash Date,Crash Time,Day,DHSMV City,Crash Report City Code,In Town,On Roadway Name,Int Roadway Name,Reference Distance (Miles),Reference Direction,Officer Latitude,Officer Longitude,FDOT Latitude,FDOT Longitude,FDOT Roadway,Nearest Inventory MP,Nearest Node From Crash,State Road #,US Highway,Crash Side of Road,Accident Lane Number,Travel Direction Vehicle 1,FDOT Road Category,DHSMV Road System Id,Relation to Junction,Crash Harmful Event Location,Intersection Type,Shoulder Type,FDOT Roadway SKID Test Result,FDOT Roadway SKID Test Date,Functional Class,RCI Surface Width,RCI Shoulder Type First,RCI Shoulder Width First,RCI Shoulder Type Second,RCI Shoulder Width Second,RCI Shoulder Type Third,RCI Shoulder Width Third,RCI Median Width,Avg Daily Traffic,AADT Source,RCI Avg Per Truck Traffic,RCI Horiz Curve Condition,Posted Speed Limit,Highest Injury in Crash,CAR Status Code,Alcohols/Drug Involved,Site Location,Lighting,Weather,Road Surface,Roadway Grade,Roadway Alignment,Traffic Way Vehicle 1,Traffic Way Vehicle 2,Traffic Control Vehicle 1,Traffic Control Vehicle 2,Count of Lanes,Road Condition 1,Road Condition 2,Road Condition 3,Environment Condition 1,Environment Condition 2,Environment Condition 3,Crash Harmful Event,Manner of Collision,Vehicle Movement,Driver Action Vehicle 1,Driver Action Vehicle 2,Location Within Workzone,Type of Workzone,Workers Present in Workzone,Law Enforcement Present in Workzone,School Bus Related,Count of Nonfatal Injuries,Count of Traffic Fatalities,Count of Serious Injuries,Count of Pedestrians,Count of Drivers,Count of Bicyclists,Count of Vehicles,Count of Persons,Wrong Way,Workzone Inv,Commercial Vehicle Inv,Intersection Inv,Lane Departure,Speeding,Agressive Driving,Impaired Driver,Impaired Pedestrian,Impaired Bicyclist,Distracted Driver,Speeding or Aggressive Driving,Pedestrian Related,Bicyclist Related,Pedestrian or Bicyclist Related,Motorcycle Inv,No Belt,No Belt - Ages 1-4,No Belt - Ages 5-12,No Belt - Ages 13-17,Driver - Ages Teen,Driver - Ages 65 plus,Driver - Ages 65-69,Driver - Ages 70-74,Driver - Ages 75-79,Driver - Ages 80 plus,ARBM Latitude,ARBM Longitude,UTM Zone 17N X,UTM Zone 17N Y,ARBM Side of Road,Urban Rural Indicator,GIS Street Source,Extract Date,OBJECTID,x,y
2015859365720,2015,859365720,20150015315,COUNTY SHERIFF'S OFFICE,04 FOURTH,PALM BEACH,"September 8, 2015",0846,WEDNESDAY,9394 WEST PALM BEACH,0694,Y,HAVERHILL RD,N 47TH PL,0.038,N,0,0,26.747764,-80.11782,93000004,2.809,,,,R RIGHT,D DRIVEWAY,N NORTH,,04 COUNTY,01 NON-JUNCTION,01 ON ROADWAY,01 NOT AT INTERSECTION,03 CURB,0,"December 31, 2000",,,,0,,0,,0,,,RCI,0,,,1 NO INJURY,33 Q/C VERIFIED AS OFF-SYSTEM,0 NO,01 NOT AT INTERSECTION/RRX/BRIDGE,01 DAYLIGHT,01 CLEAR,01 DRY,01 LEVEL,1 STRAIGHT,"TWO-WAY, NOT DIVIDED","TWO-WAY, NOT DIVIDED",NO CONTROLS,NO CONTROLS,,NONE,NOT CODED,NOT CODED,NONE,NOT CODED,NOT CODED,14 MOTOR VEHICLE IN TRANSPORT,01 FRONT TO REAR,01 STRAIGHT AHEAD,OPERATED MV IN CARLESS OR NEGL,NO CONTRIBUTING ACTION,00 NOT CODED,00 NOT CODED,00 NOT CODED,00 NOT CODED,01 NO,0,0,0,0,2,0,2,2,N,N,N,N,N,N,N,N,N,N,N,N,N,N,N,N,N,N,N,N,Y,N,N,N,N,N,26.747763976,-80.117819105,587722.257422,2958802.238085,C,U,ARBM15Q1R2,"February 27, 2022",1198827,-8918675.12517583,3091993.996072268
2015859366490,2015,859366490,20150015644,COUNTY SHERIFF'S OFFICE,04 FOURTH,PALM BEACH,"September 14, 2015",0653,TUESDAY,9394 WEST PALM BEACH,0694,Y,OKEECHOBEE BLVD,ROSEMARY AVE S,0.013,E,0,0,26.7057275,-80.056725,93280000,8.904,01600,SR 704,,L LEFT,2 THRU LANE 2,W WEST,40 URBAN ONE WAY,05 LOCAL,01 NON-JUNCTION,01 ON ROADWAY,01 NOT AT INTERSECTION,03 CURB,40,"June 2, 2014",14 URBAN PRIN ART OTHER,46,CURB&GUTTER,2,,0,,0,,19000,RCI,5.5,,35,1 NO INJURY,31 Q/C COMPLETED - LOC VERIFIED,0 NO,03 INFLUENCED BY INTERSECTION,03 DAWN,01 CLEAR,01 DRY,01 LEVEL,1 STRAIGHT,"TWO-WAY, DIVIDED, POSITIVE MED","TWO-WAY, DIVIDED, POSITIVE MED",NO CONTROLS,NO CONTROLS,4,NONE,NOT CODED,NOT CODED,NONE,NOT CODED,NOT CODED,14 MOTOR VEHICLE IN TRANSPORT,01 FRONT TO REAR,01 STRAIGHT AHEAD,OPERATED MV IN CARLESS OR NEGL,NO CONTRIBUTING ACTION,00 NOT CODED,00 NOT CODED,00 NOT CODED,00 NOT CODED,01 NO,0,0,0,0,2,0,2,2,N,N,N,Y,N,N,N,N,N,N,N,N,N,N,N,N,N,N,N,N,N,N,N,N,N,N,26.705684249,-80.056753119,593829.363908,2954184.863626,O,,ARBM15Q1R2,"February 27, 2022",1201506,-8911877.288498944,3086749.374595384
2015859366510,2015,859366510,20150015649,COUNTY SHERIFF'S OFFICE,04 FOURTH,PALM BEACH,"September 14, 2015",0905,TUESDAY,9394 WEST PALM BEACH,0694,Y,OKEECHOBEE BLVD,AUSTRALIAN AVE,0.076,W,0,0,26.7056766,-80.0669794,93280000,8.266,01759,SR 704,,R RIGHT,3 THRU LANE 3,E EAST,30 URBAN 6+LN 2WY DIVD RASD,05 LOCAL,01 NON-JUNCTION,01 ON ROADWAY,01 NOT AT INTERSECTION,03 CURB,36,"June 2, 2014",14 URBAN PRIN ART OTHER,44,PAVED,4,CURB&GUTTER,2,,0,22,65000,RCI,5.7,,45,1 NO INJURY,31 Q/C COMPLETED - LOC VERIFIED,0 NO,01 NOT AT INTERSECTION/RRX/BRIDGE,01 DAYLIGHT,03 RAIN,02 WET,01 LEVEL,1 STRAIGHT,"TWO-WAY, DIVIDED, POSITIVE MED","TWO-WAY, DIVIDED, POSITIVE MED",NO CONTROLS,NO CONTROLS,7,NONE,NOT CODED,NOT CODED,NONE,NOT CODED,NOT CODED,14 MOTOR VEHICLE IN TRANSPORT,"04 SIDESWIPE, SAME DIRECTION",06 CHANGING LANES,OTHER CONTRIBUTING ACTION,OTHER CONTRIBUTING ACTION,00 NOT CODED,00 NOT CODED,00 NOT CODED,00 NOT CODED,01 NO,0,0,0,0,2,0,2,2,N,N,Y,N,Y,N,N,N,N,N,N,N,N,N,N,N,N,N,N,N,N,Y,N,Y,N,N,26.705645377,-80.067020287,592808.015623,2954173.041746,R,,ARBM15Q1R2,"February 27, 2022",1201507,-8913020.224842489,3086744.530545324
2015859366520,2015,859366520,20150015651,COUNTY SHERIFF'S OFFICE,04 FOURTH,PALM BEACH,"September 14, 2015",0945,TUESDAY,9394 WEST PALM BEACH,0694,Y,OKEECHOBEE BLVD,AUSTRALIAN AVE,0,,0,0,26.7043551,-80.0669415,93280133,0.094,04886,SR 704,,R RIGHT,X RAMP,S SOUTH,07 RAMP URBAN,05 LOCAL,01 NON-JUNCTION,01 ON ROADWAY,01 NOT AT INTERSECTION,03 CURB,0,"December 31, 2000",,17,CURB&GUTTER,2,CURB&GUTTER,2,,0,,671,RCI,0,,,1 NO INJURY,31 Q/C COMPLETED - LOC VERIFIED,0 NO,08 EXIT RAMP,01 DAYLIGHT,03 RAIN,02 WET,04 DOWNHILL,2 CURVE RIGHT,"TWO-WAY, DIVIDED, POSITIVE MED","TWO-WAY, DIVIDED, POSITIVE MED",NO CONTROLS,NO CONTROLS,1,NONE,NOT CODED,NOT CODED,NONE,NOT CODED,NOT CODED,14 MOTOR VEHICLE IN TRANSPORT,03 ANGLE,01 STRAIGHT AHEAD,OPERATED MV IN CARLESS OR NEGL,NO CONTRIBUTING ACTION,00 NOT CODED,00 NOT CODED,00 NOT CODED,00 NOT CODED,01 NO,0,0,0,0,2,0,2,2,N,N,N,N,N,N,N,N,N,N,N,N,N,N,N,N,N,N,N,N,N,N,N,N,N,N,26.704354019,-80.066939573,592817.092,2954030.0654,O,,ARBM15Q1R2,"February 27, 2022",1201508,-8913011.239708586,3086583.612544425
2015859366540,2015,859366540,20150015656,COUNTY SHERIFF'S OFFICE,04 FOURTH,PALM BEACH,"September 14, 2015",1046,TUESDAY,9394 WEST PALM BEACH,0694,Y,S ROBBINS DR,S CONGRESS AVE,0,E,0,0,26.711386,-80.085534,93A11419,0.631,,,,I INTERSECTION,M MIDDLE,E EAST,,04 COUNTY,03 INTERSECTION-RELATED,01 ON ROADWAY,03 T-INTERSECTION,03 CURB,0,"December 31, 2000",,,,0,,0,,0,,,RCI,0,,,1 NO INJURY,33 Q/C VERIFIED AS OFF-SYSTEM,0 NO,03 INFLUENCED BY INTERSECTION,01 DAYLIGHT,02 CLOUDY,02 WET,01 LEVEL,1 STRAIGHT,"TWO-WAY, NOT DIVIDED","TWO-WAY, NOT DIVIDED",STOP SIGN,NO CONTROLS,,NONE,NOT CODED,NOT CODED,NONE,NOT CODED,NOT CODED,14 MOTOR VEHICLE IN TRANSPORT,03 ANGLE,03 TURNING LEFT,NO CONTRIBUTING ACTION,NO CONTRIBUTING ACTION,00 NOT CODED,00 NOT CODED,00 NOT CODED,00 NOT CODED,01 NO,0,0,0,0,2,0,2,3,N,N,N,Y,N,N,N,N,N,N,N,N,N,N,N,N,N,N,N,N,N,N,N,N,N,N,26.711385074,-80.085537326,590961.3803,2954795.4408,C,U,ARBM15Q1R2,"February 27, 2022",1201509,-8915081.532737043,3087459.78529945
2015814157680,2015,814157680,15075205,CITY POLICE DEPARTMENT,04 FOURTH,PALM BEACH,"May 15, 2015",2238,SATURDAY,9394 WEST PALM BEACH,0694,Y,HAVERHILL RD,OKEECHOBEE BLVD,0.009,N,0,0,26.7069142,-80.1189875,93280000,5.053,01730,SR 704,,L LEFT,1 THRU LANE 1,S SOUTH,30 URBAN 6+LN 2WY DIVD RASD,04 COUNTY,02 INTERSECTION,01 ON ROADWAY,03 T-INTERSECTION,03 CURB,36,"June 2, 2014",14 URBAN PRIN ART OTHER,44,PAVED,3,CURB&GUTTER,2,,0,31,65000,RCI,2.7,,45,2 POSSIBLE INJURY,31 Q/C COMPLETED - LOC VERIFIED,1 ALC,03 INFLUENCED BY INTERSECTION,04 DARK-LIGHTED,01 CLEAR,01 DRY,01 LEVEL,1 STRAIGHT,"TWO-WAY, DIVIDED, POSITIVE MED","TWO-WAY, DIVIDED, POSITIVE MED",TRAFFIC CONTROL SIGNAL,TRAFFIC CONTROL SIGNAL,8,NONE,NOT CODED,NOT CODED,NONE,NOT CODED,NOT CODED,14 MOTOR VEHICLE IN TRANSPORT,01 FRONT TO REAR,01 STRAIGHT AHEAD,OPERATED MV IN CARLESS OR NEGL,NO CONTRIBUTING ACTION,00 NOT CODED,00 NOT CODED,00 NOT CODED,00 NOT CODED,01 NO,2,0,0,0,2,0,2,2,N,N,N,Y,N,N,Y,N,N,N,N,Y,N,N,N,N,Y,N,N,N,N,Y,Y,N,N,N,26.707098034,-80.118910719,587644.859262,2954297.213466,L,,ARBM15Q1R2,"February 27, 2022",1235900,-8918796.642871456,3086925.550589231
2015814101970,2015,814101970,15045300,CITY POLICE DEPARTMENT,04 FOURTH,PALM BEACH,"March 2, 2015",1905,TUESDAY,9394 WEST PALM BEACH,0694,Y,JOG RD,GUN CLUB RD,0,N,0,0,26.674565,-80.14509,93000110,10.173,,,,I INTERSECTION,M MIDDLE,S SOUTH,,04 COUNTY,02 INTERSECTION,01 ON ROADWAY,03 T-INTERSECTION,03 CURB,0,"December 31, 2000",,,,0,,0,,0,,,RCI,0,,,3 NO-INCAPACITATING INJURY,33 Q/C VERIFIED AS OFF-SYSTEM,0 NO,02 AT INTERSECTION,04 DARK-LIGHTED,01 CLEAR,01 DRY,01 LEVEL,1 STRAIGHT,"TWO-WAY, DIVIDED, POSITIVE MED","TWO-WAY, DIVIDED, POSITIVE MED",TRAFFIC CONTROL SIGNAL,NO CONTROLS,,NONE,NOT CODED,NOT CODED,NONE,NOT CODED,NOT CODED,14 MOTOR VEHICLE IN TRANSPORT,03 ANGLE,03 TURNING LEFT,OPERATED MV IN CARLESS OR NEGL,NO CONTRIBUTING ACTION,00 NOT CODED,00 NOT CODED,00 NOT CODED,00 NOT CODED,01 NO,2,0,0,0,3,0,3,3,N,N,N,Y,N,N,Y,N,N,N,N,Y,N,N,N,N,N,N,N,N,N,N,N,N,N,N,26.674565085,-80.145087309,585065.0221,2950676.0757,R,U,ARBM15Q1R2,"February 27, 2022",1236143,-8921710.608381253,3082872.0727056772
2015814176040,2015,814176040,15066336,CITY POLICE DEPARTMENT,04 FOURTH,PALM BEACH,"April 23, 2015",1437,FRIDAY,9394 WEST PALM BEACH,0694,Y,45TH ST,HAVERHILL RD N,0,E,0,0,26.760133,-80.11676,93578000,0,,,,I INTERSECTION,M MIDDLE,0,,05 LOCAL,01 NON-JUNCTION,01 ON ROADWAY,02 FOUR-WAY INTERSECTION,03 CURB,0,"December 31, 2000",,,,0,,0,,0,,,RCI,0,,,1 NO INJURY,33 Q/C VERIFIED AS OFF-SYSTEM,0 NO,01 NOT AT INTERSECTION/RRX/BRIDGE,01 DAYLIGHT,01 CLEAR,01 DRY,01 LEVEL,1 STRAIGHT,"TWO-WAY, DIVIDED, UNPROTECTED","TWO-WAY, NOT DIV, W/CONT LTURN",TRAFFIC CONTROL SIGNAL,TRAFFIC CONTROL SIGNAL,,NONE,NOT CODED,NOT CODED,NONE,NOT CODED,NOT CODED,15 PARKED MOTOR VEHICLE,03 ANGLE,03 TURNING LEFT,FOLLOWED TOO CLOSELY,NO CONTRIBUTING ACTION,00 NOT CODED,00 NOT CODED,00 NOT CODED,00 NOT CODED,01 NO,0,0,0,0,2,0,2,2,N,N,Y,N,N,N,N,N,N,N,N,N,N,N,N,N,N,N,N,N,N,N,N,N,N,N,26.760135063,-80.116757315,587818.3351,2960173.2318,L,U,ARBM15Q1R2,"February 27, 2022",1236206,-8918556.927166438,3093536.240058468
2015814155900,2015,814155900,15056459,CITY POLICE DEPARTMENT,04 FOURTH,PALM BEACH,"March 30, 2015",1605,TUESDAY,9394 WEST PALM BEACH,0694,Y,45TH ST,N AUSTRALIAN AVE,0.057,E,0,0,26.753128,-80.07144,93510000,2.48,,,,R RIGHT,S SIDE OF ROAD,E EAST,,05 LOCAL,01 NON-JUNCTION,02 OFF ROADWAY,01 NOT AT INTERSECTION,03 CURB,0,"December 31, 2000",,,,0,,0,,0,,,RCI,0,,,1 NO INJURY,33 Q/C VERIFIED AS OFF-SYSTEM,3 A/D,01 NOT AT INTERSECTION/RRX/BRIDGE,01 DAYLIGHT,01 CLEAR,01 DRY,01 LEVEL,1 STRAIGHT,"TWO-WAY, DIVIDED, POSITIVE MED",,NO CONTROLS,NOT CODED,,NONE,NOT CODED,NOT CODED,NONE,NOT CODED,NOT CODED,14 MOTOR VEHICLE IN TRANSPORT,77 OTHER (SEE NARRATIVE),77 OTHER (SEE NARRATIVE),OTHER CONTRIBUTING ACTION,NOT CODED,00 NOT CODED,00 NOT CODED,00 NOT CODED,00 NOT CODED,01 NO,0,0,0,0,1,0,1,1,N,N,N,N,Y,N,N,N,N,N,N,N,N,N,N,N,N,N,N,N,N,N,N,N,N,N,26.753125064,-80.07144,592330.004299,2959428.856497,R,U,ARBM15Q1R2,"February 27, 2022",1236470,-8913512.225275356,3092662.3167086984
2015814093700,2015,814093700,15084969,CITY POLICE DEPARTMENT,04 FOURTH,PALM BEACH,"June 9, 2015",2033,WEDNESDAY,9394 WEST PALM BEACH,0694,Y,BELVEDERE RD,SKEES RD,0.074,W,0,0,26.692307,-80.158885,93000138,2.647,,,,L LEFT,3 THRU LANE 3,W WEST,,04 COUNTY,01 NON-JUNCTION,01 ON ROADWAY,01 NOT AT INTERSECTION,03 CURB,0,"December 31, 2000",,,,0,,0,,0,,,RCI,0,,,2 POSSIBLE INJURY,33 Q/C VERIFIED AS OFF-SYSTEM,0 NO,01 NOT AT INTERSECTION/RRX/BRIDGE,04 DARK-LIGHTED,03 RAIN,02 WET,01 LEVEL,1 STRAIGHT,"TWO-WAY, DIVIDED, POSITIVE MED","TWO-WAY, DIVIDED, POSITIVE MED",NO CONTROLS,NO CONTROLS,,OTHER (SEE NARRATIVE),NOT CODED,NOT CODED,NONE,NOT CODED,NOT CODED,14 MOTOR VEHICLE IN TRANSPORT,"04 SIDESWIPE, SAME DIRECTION",01 STRAIGHT AHEAD,OTHER CONTRIBUTING ACTION,NOT CODED,00 NOT CODED,00 NOT CODED,00 NOT CODED,00 NOT CODED,01 NO,1,0,0,0,1,0,2,2,N,N,N,N,Y,N,N,N,N,N,N,N,N,N,N,N,N,N,N,N,N,N,N,N,N,N,26.692304936,-80.158884978,583679.120599,2952631.843664,L,U,ARBM15Q1R2,"February 27, 2022",1236673,-8923246.558392048,3085082.2450537067
2015813544550,2015,813544550,15131120,CITY POLICE DEPARTMENT,04 FOURTH,PALM BEACH,"October 9, 2015",1020,SATURDAY,9394 WEST PALM BEACH,0694,Y,AUSTRALIAN AVE,TURNAGE BLVD,0,E,0,0,26.687585,-80.074775,93650000,0.839,,,,I INTERSECTION,M MIDDLE,E EAST,,04 COUNTY,01 NON-JUNCTION,01 ON ROADWAY,"07 FIVE-POINT, OR MORE",03 CURB,0,"December 31, 2000",,,,0,,0,,0,,,RCI,0,,,1 NO INJURY,33 Q/C VERIFIED AS OFF-SYSTEM,0 NO,01 NOT AT INTERSECTION/RRX/BRIDGE,04 DARK-LIGHTED,01 CLEAR,01 DRY,01 LEVEL,3 CURVE LEFT,"TWO-WAY, DIVIDED, POSITIVE MED",ONE-WAY TRAFFICWAY,TRAFFIC CONTROL SIGNAL,TRAFFIC CONTROL SIGNAL,,NONE,NOT CODED,NOT CODED,UNKNOWN,NOT CODED,NOT CODED,14 MOTOR VEHICLE IN TRANSPORT,07 REAR TO REAR,14 SLOWING,FAILED TO YIELD RIGHT-OF-WAY,NO CONTRIBUTING ACTION,00 NOT CODED,00 NOT CODED,00 NOT CODED,00 NOT CODED,01 NO,0,0,0,0,2,0,2,4,N,N,N,N,N,N,N,N,N,N,N,N,N,N,N,N,N,N,N,N,Y,Y,Y,N,N,N,26.687584431,-80.074777113,592050.880645,2952166.931173,L,U,ARBM15Q1R2,"February 27, 2022",1236707,-8913883.7109043,3084494.093512276
2015814103150,2015,814103150,15034556,COUNTY SHERIFF'S OFFICE,04 FOURTH,PALM BEACH,"February 4, 2015",0740,THURSDAY,9394 WEST PALM BEACH,0694,Y,SR 704,SKEES RD,0,,0,0,26.708109,-80.1575539,93280000,2.67,01723,SR 704,,R RIGHT,1 THRU LANE 1,E EAST,33 SUBURBAN 6+LN 2WY DIVD RASD,03 STATE,02 INTERSECTION,01 ON ROADWAY,02 FOUR-WAY INTERSECTION,01 PAVED,41,"June 2, 2014",14 URBAN PRIN ART OTHER,48,PAVED,5,LAWN,12,,0,35,59000,RCI,2.7,,50,1 NO INJURY,31 Q/C COMPLETED - LOC VERIFIED,0 NO,02 AT INTERSECTION,01 DAYLIGHT,03 RAIN,02 WET,01 LEVEL,1 STRAIGHT,"TWO-WAY, DIVIDED, POSITIVE MED","TWO-WAY, DIVIDED, POSITIVE MED",TRAFFIC CONTROL SIGNAL,TRAFFIC CONTROL SIGNAL,8,NONE,NOT CODED,NOT CODED,WEATHER CONDITIONS,NOT CODED,NOT CODED,14 MOTOR VEHICLE IN TRANSPORT,01 FRONT TO REAR,01 STRAIGHT AHEAD,OTHER CONTRIBUTING ACTION,NO CONTRIBUTING ACTION,00 NOT CODED,00 NOT CODED,00 NOT CODED,00 NOT CODED,01 NO,0,0,0,0,2,0,2,3,N,N,N,Y,N,N,N,N,N,N,N,N,N,N,N,N,N,N,N,N,N,N,N,N,N,N,26.70808204,-80.157729255,583782.560348,2954380.101151,R,,ARBM15Q1R2,"February 27, 2022",1237019,-8923117.903932465,3087048.1717875544
2015814183450,2015,814183450,15086896,CITY POLICE DEPARTMENT,04 FOURTH,PALM BEACH,"June 15, 2015",0810,TUESDAY,9394 WEST PALM BEACH,0694,Y,OKEECHOBEE BLVD,INDIAN RD,0.076,E,0,0,26.7067435,-80.1028738,93280000,6.048,04615,SR 704,,R RIGHT,1 THRU LANE 1,E EAST,30 URBAN 6+LN 2WY DIVD RASD,03 STATE,01 NON-JUNCTION,01 ON ROADWAY,01 NOT AT INTERSECTION,03 CURB,31,"June 2, 2014",14 URBAN PRIN ART OTHER,44,PAVED,3,CURB&GUTTER,2,,0,17,69000,RCI,3.6,,45,2 POSSIBLE INJURY,31 Q/C COMPLETED - LOC VERIFIED,0 NO,01 NOT AT INTERSECTION/RRX/BRIDGE,01 DAYLIGHT,01 CLEAR,01 DRY,01 LEVEL,1 STRAIGHT,"TWO-WAY, DIVIDED, POSITIVE MED","TWO-WAY, DIVIDED, POSITIVE MED",NO CONTROLS,NO CONTROLS,8,NONE,NOT CODED,NOT CODED,NONE,NOT CODED,NOT CODED,14 MOTOR VEHICLE IN TRANSPORT,02 FRONT TO FRONT,01 STRAIGHT AHEAD,OPERATED MV IN CARLESS OR NEGL,NO CONTRIBUTING ACTION,00 NOT CODED,00 NOT CODED,00 NOT CODED,00 NOT CODED,01 NO,8,0,0,0,4,0,4,8,N,N,N,N,Y,N,N,N,N,N,N,N,N,N,N,N,N,N,N,N,N,N,N,N,N,N,26.706676173,-80.102971316,589230.810193,2954261.545669,R,,ARBM15Q1R2,"February 27, 2022",1237829,-8917022.276143694,3086872.9809703054
2015814183490,2015,814183490,15081073,CITY POLICE DEPARTMENT,04 FOURTH,PALM BEACH,"May 30, 2015",2225,SUNDAY,9394 WEST PALM BEACH,0694,Y,SOUTHERN BLVD,I 95,0.095,W,0,0,26.6761886,-80.0736553,93120000,19.71,00367,SR 80,US 98,L LEFT,1 THRU LANE 1,W WEST,30 URBAN 6+LN 2WY DIVD RASD,03 STATE,03 INTERSECTION-RELATED,01 ON ROADWAY,01 NOT AT INTERSECTION,03 CURB,37,"June 1, 2015",14 URBAN PRIN ART OTHER,48,PAVED,4,CURB&GUTTER,2,,0,41,62500,RCI,7,,45,1 NO INJURY,31 Q/C COMPLETED - LOC VERIFIED,0 NO,03 INFLUENCED BY INTERSECTION,04 DARK-LIGHTED,01 CLEAR,01 DRY,01 LEVEL,1 STRAIGHT,UNKNOWN,"TWO-WAY, DIVIDED, POSITIVE MED",UNKNOWN,NO CONTROLS,8,NONE,NOT CODED,NOT CODED,NONE,NOT CODED,NOT CODED,14 MOTOR VEHICLE IN TRANSPORT,01 FRONT TO REAR,88 UNKNOWN,OTHER CONTRIBUTING ACTION,NO CONTRIBUTING ACTION,00 NOT CODED,00 NOT CODED,00 NOT CODED,00 NOT CODED,01 NO,0,0,0,0,2,0,2,4,N,N,N,Y,N,N,N,N,N,N,N,N,N,N,N,N,N,N,N,N,N,N,N,N,N,N,26.676410083,-80.07378233,592158.84245,2950929.946075,L,,ARBM15Q1R2,"February 27, 2022",1237831,-8913772.972040886,3083101.9215229526
2015814177570,2015,814177570,15072251,CITY POLICE DEPARTMENT,04 FOURTH,PALM BEACH,"May 8, 2015",1635,SATURDAY,9394 WEST PALM BEACH,0694,Y,AVOCADO BLVD,N 61ST LN,0,E,0,0,26.768595,-80.255534,93000175,0.195,,,,I INTERSECTION,M MIDDLE,W WEST,,04 COUNTY,01 NON-JUNCTION,01 ON ROADWAY,02 FOUR-WAY INTERSECTION,02 UNPAVED,0,"December 31, 2000",,,,0,,0,,0,,,RCI,0,,,3 NO-INCAPACITATING INJURY,33 Q/C VERIFIED AS OFF-SYSTEM,0 NO,01 NOT AT INTERSECTION/RRX/BRIDGE,01 DAYLIGHT,01 CLEAR,01 DRY,01 LEVEL,1 STRAIGHT,"TWO-WAY, NOT DIVIDED","TWO-WAY, NOT DIVIDED",STOP SIGN,NO CONTROLS,,NONE,NOT CODED,NOT CODED,NONE,NOT CODED,NOT CODED,14 MOTOR VEHICLE IN TRANSPORT,03 ANGLE,14 SLOWING,NO CONTRIBUTING ACTION,OPERATED MV IN CARLESS OR NEGL,00 NOT CODED,00 NOT CODED,00 NOT CODED,00 NOT CODED,01 NO,2,0,0,0,2,0,2,3,N,N,N,N,N,N,N,N,N,N,N,N,N,N,N,N,N,N,N,N,Y,N,N,N,N,N,26.76859524,-80.255537258,574013.844292,2961022.030941,C,U,ARBM15Q1R2,"February 27, 2022",1238166,-8934005.844295593,3094591.0258803978
2015120382480,2015,120382480,15141589,CITY POLICE DEPARTMENT,04 FOURTH,PALM BEACH,"November 5, 2015",1846,FRIDAY,9394 WEST PALM BEACH,0694,Y,MILITARY TRL,BELVEDERE RD,0.009,N,0,0,26.6917697,-80.1115251,93150000,0.97,02037,SR 809,,L LEFT,L LEFT TURN,S SOUTH,30 URBAN 6+LN 2WY DIVD RASD,03 STATE,02 INTERSECTION,02 OFF ROADWAY,02 FOUR-WAY INTERSECTION,01 PAVED,32,"June 1, 2014",14 URBAN PRIN ART OTHER,33,PAVED,4,CURB&GUTTER,2,,0,32,41500,RCI,5.3,,40,3 NO-INCAPACITATING INJURY,31 Q/C COMPLETED - LOC VERIFIED,0 NO,03 INFLUENCED BY INTERSECTION,04 DARK-LIGHTED,01 CLEAR,01 DRY,01 LEVEL,1 STRAIGHT,"TWO-WAY, DIVIDED, POSITIVE MED","TWO-WAY, DIVIDED, POSITIVE MED",TRAFFIC CONTROL SIGNAL,TRAFFIC CONTROL SIGNAL,6,NONE,NOT CODED,NOT CODED,NONE,NOT CODED,NOT CODED,14 MOTOR VEHICLE IN TRANSPORT,01 FRONT TO REAR,01 STRAIGHT AHEAD,OTHER CONTRIBUTING ACTION,NO CONTRIBUTING ACTION,00 NOT CODED,00 NOT CODED,00 NOT CODED,00 NOT CODED,01 NO,1,0,0,0,2,0,2,2,N,N,N,Y,N,N,N,N,N,N,N,N,N,N,N,N,N,N,N,N,Y,N,N,N,N,N,26.691814785,-80.111704213,588373.541518,2952609.378129,L,,ARBM15Q1R2,"February 27, 2022",1239524,-8917994.418126734,3085021.173584337
2015814121900,2015,814121900,15052109,CITY POLICE DEPARTMENT,04 FOURTH,PALM BEACH,"March 19, 2015",1855,FRIDAY,9394 WEST PALM BEACH,0694,Y,OKEECHOBEE BLVD,SR 7,0.009,E,0,0,26.7092082,-80.2006316,93280000,0.009,00491,SR 704,,L LEFT,L LEFT TURN,W WEST,33 SUBURBAN 6+LN 2WY DIVD RASD,04 COUNTY,03 INTERSECTION-RELATED,01 ON ROADWAY,02 FOUR-WAY INTERSECTION,02 UNPAVED,41,"June 2, 2014",14 URBAN PRIN ART OTHER,48,PAVED,5,LAWN,12,,0,35,52000,RCI,7.2,,50,2 POSSIBLE INJURY,31 Q/C COMPLETED - LOC VERIFIED,0 NO,03 INFLUENCED BY INTERSECTION,01 DAYLIGHT,01 CLEAR,01 DRY,01 LEVEL,1 STRAIGHT,"TWO-WAY, DIVIDED, UNPROTECTED","TWO-WAY, DIVIDED, UNPROTECTED",TRAFFIC CONTROL SIGNAL,TRAFFIC CONTROL SIGNAL,8,NONE,NOT CODED,NOT CODED,NONE,NOT CODED,NOT CODED,14 MOTOR VEHICLE IN TRANSPORT,01 FRONT TO REAR,14 SLOWING,OPERATED MV IN CARLESS OR NEGL,NO CONTRIBUTING ACTION,00 NOT CODED,00 NOT CODED,00 NOT CODED,00 NOT CODED,01 NO,4,0,0,0,3,0,3,5,N,N,Y,Y,N,N,N,N,N,N,N,N,N,N,N,N,N,N,N,N,N,N,N,N,N,N,26.709399234,-80.200861188,579491.044088,2954498.370812,L,,ARBM15Q1R2,"February 27, 2022",1240140,-8927919.330066105,3087212.3145632884