Crash Id,Calendar Year,FDOT Crash Number,Reporting Agency Case Number,Reporting Agency Type,FDOT Managing District,County Name,Crash Date,Crash Time,Day,DHSMV City,Crash Report City Code,In Town,On Roadway Name,Int Roadway Name,Reference Distance (Miles),Reference Direction,Officer Latitude,Officer Longitude,FDOT Latitude,FDOT Longitude,FDOT Roadway,Nearest Inventory MP,Nearest Node From Crash,State Road #,US Highway,Crash Side of Road,Accident Lane Number,Travel Direction Vehicle 1,FDOT Road Category,DHSMV Road System Id,Relation to Junction,Crash Harmful Event Location,Intersection Type,Shoulder Type,FDOT Roadway SKID Test Result,FDOT Roadway SKID Test Date,Functional Class,RCI Surface Width,RCI Shoulder Type First,RCI Shoulder Width First,RCI Shoulder Type Second,RCI Shoulder Width Second,RCI Shoulder Type Third,RCI Shoulder Width Third,RCI Median Width,Avg Daily Traffic,AADT Source,RCI Avg Per Truck Traffic,RCI Horiz Curve Condition,Posted Speed Limit,Highest Injury in Crash,CAR Status Code,Alcohols/Drug Involved,Site Location,Lighting,Weather,Road Surface,Roadway Grade,Roadway Alignment,Traffic Way Vehicle 1,Traffic Way Vehicle 2,Traffic Control Vehicle 1,Traffic Control Vehicle 2,Count of Lanes,Road Condition 1,Road Condition 2,Road Condition 3,Environment Condition 1,Environment Condition 2,Environment Condition 3,Crash Harmful Event,Manner of Collision,Vehicle Movement,Driver Action Vehicle 1,Driver Action Vehicle 2,Location Within Workzone,Type of Workzone,Workers Present in Workzone,Law Enforcement Present in Workzone,School Bus Related,Count of Nonfatal Injuries,Count of Traffic Fatalities,Count of Serious Injuries,Count of Pedestrians,Count of Drivers,Count of Bicyclists,Count of Vehicles,Count of Persons,Wrong Way,Workzone Inv,Commercial Vehicle Inv,Intersection Inv,Lane Departure,Speeding,Agressive Driving,Impaired Driver,Impaired Pedestrian,Impaired Bicyclist,Distracted Driver,Speeding or Aggressive Driving,Pedestrian Related,Bicyclist Related,Pedestrian or Bicyclist Related,Motorcycle Inv,No Belt,No Belt - Ages 1-4,No Belt - Ages 5-12,No Belt - Ages 13-17,Driver - Ages Teen,Driver - Ages 65 plus,Driver - Ages 65-69,Driver - Ages 70-74,Driver - Ages 75-79,Driver - Ages 80 plus,ARBM Latitude,ARBM Longitude,UTM Zone 17N X,UTM Zone 17N Y,ARBM Side of Road,Urban Rural Indicator,GIS Street Source,Extract Date,OBJECTID,x,y
2015862919600,2015,862919600,20150019013,COUNTY SHERIFF'S OFFICE,04 FOURTH,PALM BEACH,"November 8, 2015",1534,MONDAY,9394 WEST PALM BEACH,0694,Y,50TH ST,BROADWAY,0,,0,0,26.7569218,-80.0557632,93020000,11.695,00774,SR 5,US 1,R RIGHT,2 THRU LANE 2,E EAST,21 URBAN 4-5LN 2WY DIVD PAVD,02 U.S.,01 NON-JUNCTION,01 ON ROADWAY,02 FOUR-WAY INTERSECTION,03 CURB,41,"June 23, 2013",16 URBAN MINOR ART,22,CURB&GUTTER,2,,0,,0,16,20500,RCI,2.9,,35,1 NO INJURY,31 Q/C COMPLETED - LOC VERIFIED,0 NO,02 AT INTERSECTION,01 DAYLIGHT,01 CLEAR,01 DRY,01 LEVEL,1 STRAIGHT,"TWO-WAY, NOT DIVIDED","TWO-WAY, NOT DIVIDED",NO CONTROLS,NO CONTROLS,4,NONE,NONE,NONE,NONE,NONE,NONE,14 MOTOR VEHICLE IN TRANSPORT,03 ANGLE,01 STRAIGHT AHEAD,NOT CODED,NOT CODED,00 NOT CODED,00 NOT CODED,00 NOT CODED,00 NOT CODED,01 NO,0,0,0,0,0,0,2,2,N,N,N,Y,N,N,N,N,N,N,N,N,N,N,N,N,N,N,N,N,N,N,N,N,N,N,26.756908611,-80.055775599,593884.545479,2959859.399034,C,,ARBM15Q1R2,"February 27, 2022",1303118,-8911768.471589074,3093133.9977253117
2015862919610,2015,862919610,20150019015,COUNTY SHERIFF'S OFFICE,04 FOURTH,PALM BEACH,"November 8, 2015",1552,MONDAY,9394 WEST PALM BEACH,0694,Y,CLEMATIS ST,S DIXIE HWY,0.019,E,0,0,26.71335,-80.053211,93900003,0.538,,,,R RIGHT,P PARKING,0,,05 LOCAL,01 NON-JUNCTION,08 IN PARKING LANE OR ZONE,01 NOT AT INTERSECTION,03 CURB,0,"December 31, 2000",,,,0,,0,,0,,,RCI,0,,,0 UNKNOWN/NOT CODED,33 Q/C VERIFIED AS OFF-SYSTEM,0 NO,01 NOT AT INTERSECTION/RRX/BRIDGE,01 DAYLIGHT,01 CLEAR,01 DRY,01 LEVEL,1 STRAIGHT,"TWO-WAY, NOT DIVIDED","TWO-WAY, NOT DIVIDED",NO CONTROLS,NO CONTROLS,,NONE,NOT CODED,NOT CODED,NONE,NOT CODED,NOT CODED,15 PARKED MOTOR VEHICLE,01 FRONT TO REAR,04 BACKING,NOT CODED,NOT CODED,00 NOT CODED,00 NOT CODED,00 NOT CODED,00 NOT CODED,01 NO,0,0,0,0,0,0,2,0,N,N,N,N,Y,N,N,N,N,N,N,N,N,N,N,N,N,N,N,N,N,N,N,N,N,N,26.71334765,-80.053211071,594175.422862,2955036.302565,C,U,ARBM15Q1R2,"February 27, 2022",1303119,-8911482.989374876,3087704.360967314
2015862922380,2015,862922380,20150019967,COUNTY SHERIFF'S OFFICE,04 FOURTH,PALM BEACH,"November 23, 2015",1316,TUESDAY,9394 WEST PALM BEACH,0694,Y,N CONGRESS AVE,,0,N,0,0,26.541991,-80.090843,93580503,0.988,,,,I INTERSECTION,M MIDDLE,E EAST,,04 COUNTY,04 DRIVEWAY/ALLEY ACCESS RELATED,01 ON ROADWAY,01 NOT AT INTERSECTION,03 CURB,0,"December 31, 2000",,,,0,,0,,0,,,RCI,0,,,2 POSSIBLE INJURY,33 Q/C VERIFIED AS OFF-SYSTEM,0 NO,04 DRIVEWAY ACCESS,01 DAYLIGHT,02 CLOUDY,01 DRY,01 LEVEL,1 STRAIGHT,"TWO-WAY, NOT DIVIDED","TWO-WAY, NOT DIVIDED",STOP SIGN,NO CONTROLS,,NONE,NONE,NONE,NONE,NONE,NONE,14 MOTOR VEHICLE IN TRANSPORT,03 ANGLE,01 STRAIGHT AHEAD,NO CONTRIBUTING ACTION,NO CONTRIBUTING ACTION,00 NOT CODED,00 NOT CODED,00 NOT CODED,00 NOT CODED,01 NO,1,0,0,0,2,0,2,2,N,N,N,N,N,N,N,N,N,N,N,N,N,N,N,N,N,N,N,N,N,N,N,N,N,N,26.541995117,-80.090847329,590566.606,2936029.7325,L,U,ARBM15Q1R2,"February 27, 2022",1303120,-8915672.639230678,3066366.3088878114
2015862922400,2015,862922400,20150019971,COUNTY SHERIFF'S OFFICE,04 FOURTH,PALM BEACH,"November 23, 2015",1409,TUESDAY,9394 WEST PALM BEACH,0694,Y,BELVEDERE RD,AUSTRALIAN AVE,0.028,W,0,0,26.690823,-80.075486,93503500,2.355,,,,R RIGHT,3 THRU LANE 3,E EAST,,04 COUNTY,01 NON-JUNCTION,01 ON ROADWAY,01 NOT AT INTERSECTION,03 CURB,0,"December 31, 2000",,,,0,,0,,0,,,RCI,0,,,1 NO INJURY,33 Q/C VERIFIED AS OFF-SYSTEM,0 NO,01 NOT AT INTERSECTION/RRX/BRIDGE,01 DAYLIGHT,01 CLEAR,01 DRY,01 LEVEL,1 STRAIGHT,"TWO-WAY, DIVIDED, POSITIVE MED","TWO-WAY, DIVIDED, POSITIVE MED",NO CONTROLS,NO CONTROLS,,NONE,NOT CODED,NOT CODED,NONE,NOT CODED,NOT CODED,14 MOTOR VEHICLE IN TRANSPORT,01 FRONT TO REAR,88 UNKNOWN,NO CONTRIBUTING ACTION,NO CONTRIBUTING ACTION,00 NOT CODED,00 NOT CODED,00 NOT CODED,00 NOT CODED,01 NO,0,0,0,0,2,0,2,2,N,N,Y,N,N,N,N,N,N,N,N,N,N,N,N,N,N,N,N,N,N,N,N,N,N,N,26.690821083,-80.075486083,591977.742732,2952524.920961,R,U,ARBM15Q1R2,"February 27, 2022",1303121,-8913962.633130334,3084897.361847453
2015862922410,2015,862922410,20150019975,COUNTY SHERIFF'S OFFICE,04 FOURTH,PALM BEACH,"November 23, 2015",1446,TUESDAY,9394 WEST PALM BEACH,0694,Y,45TH ST,MILITARY TRL,0.095,E,0,0,26.75977,-80.106903,93510000,0.101,,,,L LEFT,L LEFT TURN,W WEST,,04 COUNTY,03 INTERSECTION-RELATED,01 ON ROADWAY,01 NOT AT INTERSECTION,01 PAVED,0,"December 31, 2000",,,,0,,0,,0,,,RCI,0,,,1 NO INJURY,33 Q/C VERIFIED AS OFF-SYSTEM,0 NO,03 INFLUENCED BY INTERSECTION,01 DAYLIGHT,01 CLEAR,01 DRY,01 LEVEL,1 STRAIGHT,"TWO-WAY, DIVIDED, UNPROTECTED","TWO-WAY, DIVIDED, UNPROTECTED",NO CONTROLS,NO CONTROLS,,NONE,NOT CODED,NOT CODED,NONE,NOT CODED,NOT CODED,14 MOTOR VEHICLE IN TRANSPORT,01 FRONT TO REAR,01 STRAIGHT AHEAD,NO CONTRIBUTING ACTION,NO CONTRIBUTING ACTION,00 NOT CODED,00 NOT CODED,00 NOT CODED,00 NOT CODED,01 NO,0,0,0,0,2,0,2,2,N,N,N,Y,N,N,N,N,N,N,N,N,N,N,N,N,N,N,N,N,N,N,N,N,N,N,26.75977009,-80.106902996,588798.453325,2960139.64553,L,U,ARBM15Q1R2,"February 27, 2022",1303122,-8917459.949083941,3093490.738178968
2015862911620,2015,862911620,20150016011,COUNTY SHERIFF'S OFFICE,04 FOURTH,PALM BEACH,"September 20, 2015",1001,MONDAY,9394 WEST PALM BEACH,0694,Y,N OLIVE AVE,BANYAN BLVD,0.002,S,0,0,26.714337,-80.05187,93020000,8.433,,,,L LEFT,1 THRU LANE 1,N NORTH,,05 LOCAL,01 NON-JUNCTION,01 ON ROADWAY,01 NOT AT INTERSECTION,03 CURB,0,"December 31, 2000",,,,0,,0,,0,,,RCI,0,,,1 NO INJURY,33 Q/C VERIFIED AS OFF-SYSTEM,0 NO,01 NOT AT INTERSECTION/RRX/BRIDGE,01 DAYLIGHT,01 CLEAR,01 DRY,01 LEVEL,1 STRAIGHT,ONE-WAY TRAFFICWAY,ONE-WAY TRAFFICWAY,NO CONTROLS,NO CONTROLS,,NONE,NOT CODED,NOT CODED,NONE,NOT CODED,NOT CODED,14 MOTOR VEHICLE IN TRANSPORT,03 ANGLE,03 TURNING LEFT,IMPROPER TURN,NO CONTRIBUTING ACTION,00 NOT CODED,00 NOT CODED,00 NOT CODED,00 NOT CODED,01 NO,0,0,0,0,2,0,2,2,N,N,N,N,N,N,N,N,N,N,N,N,N,N,N,N,N,N,N,N,N,N,N,N,N,N,26.714337,-80.051867335,594308.273933,2955146.880363,O,U,ARBM15Q1R2,"February 27, 2022",1303158,-8911333.405439982,3087827.6549055143
2015862911670,2015,862911670,20150016022,COUNTY SHERIFF'S OFFICE,04 FOURTH,PALM BEACH,"September 20, 2015",1207,MONDAY,9394 WEST PALM BEACH,0694,Y,WINTERS ST,S DIXIE HWY,0.013,W,0,0,26.654304,-80.056249,93A13385,0.106,,,,L LEFT,1 THRU LANE 1,W WEST,,02 U.S.,01 NON-JUNCTION,01 ON ROADWAY,01 NOT AT INTERSECTION,03 CURB,0,"December 31, 2000",,,,0,,0,,0,,,RCI,0,,,1 NO INJURY,33 Q/C VERIFIED AS OFF-SYSTEM,0 NO,01 NOT AT INTERSECTION/RRX/BRIDGE,01 DAYLIGHT,01 CLEAR,01 DRY,01 LEVEL,1 STRAIGHT,ONE-WAY TRAFFICWAY,"TWO-WAY, DIVIDED, UNPROTECTED",NO CONTROLS,NO CONTROLS,,NONE,NOT CODED,NOT CODED,NONE,NOT CODED,NOT CODED,14 MOTOR VEHICLE IN TRANSPORT,03 ANGLE,04 BACKING,OPERATED MV IN CARLESS OR NEGL,NO CONTRIBUTING ACTION,00 NOT CODED,00 NOT CODED,00 NOT CODED,00 NOT CODED,01 NO,0,0,0,0,2,0,2,2,N,N,Y,N,N,N,N,N,N,N,N,N,N,N,N,N,N,N,N,N,N,Y,N,N,N,Y,26.654300382,-80.056249112,593921.59951,2948493.792247,C,U,ARBM15Q1R2,"February 27, 2022",1303159,-8911821.182564557,3080347.7549775047
2015862912690,2015,862912690,20150016470,COUNTY SHERIFF'S OFFICE,04 FOURTH,PALM BEACH,"September 28, 2015",0853,TUESDAY,9394 WEST PALM BEACH,0694,Y,DIXIE HWY S,PURITAN RD,0.009,S,0,0,26.6682281,-80.0552777,93050000,5.319,00121,SR 805,US 1,L LEFT,1 THRU LANE 1,S SOUTH,22 URBAN 4-5LN 2WY UNDIVD,03 STATE,01 NON-JUNCTION,01 ON ROADWAY,01 NOT AT INTERSECTION,03 CURB,34,"June 3, 2014",16 URBAN MINOR ART,46,PAVED,7,CURB&GUTTER,2,,0,,17800,RCI,4.1,,35,1 NO INJURY,31 Q/C COMPLETED - LOC VERIFIED,0 NO,01 NOT AT INTERSECTION/RRX/BRIDGE,01 DAYLIGHT,01 CLEAR,01 DRY,01 LEVEL,1 STRAIGHT,"TWO-WAY, NOT DIVIDED","TWO-WAY, NOT DIVIDED",NO CONTROLS,NO CONTROLS,4,NONE,NONE,NONE,NONE,NONE,NONE,14 MOTOR VEHICLE IN TRANSPORT,01 FRONT TO REAR,01 STRAIGHT AHEAD,OPERATED MV IN CARLESS OR NEGL,NO CONTRIBUTING ACTION,00 NOT CODED,00 NOT CODED,00 NOT CODED,00 NOT CODED,01 NO,0,0,0,0,3,0,3,4,N,N,N,N,N,N,N,N,N,N,N,N,N,N,N,N,N,N,N,N,N,N,N,N,N,N,26.668201337,-80.055254606,594009.184507,2950034.234854,C,,ARBM15Q1R2,"February 27, 2022",1303166,-8911710.474705134,3082079.3102332028
2015862915370,2015,862915370,20150017471,COUNTY SHERIFF'S OFFICE,04 FOURTH,PALM BEACH,"October 14, 2015",2300,THURSDAY,9394 WEST PALM BEACH,0694,Y,W EXECUTIVE CENTER DR,PALM BEACH LAKES,0.019,S,0,0,26.720868,-80.087341,93A11288,0.034,,,,R RIGHT,1 THRU LANE 1,S SOUTH,,05 LOCAL,01 NON-JUNCTION,01 ON ROADWAY,01 NOT AT INTERSECTION,01 PAVED,0,"December 31, 2000",,,,0,,0,,0,,,RCI,0,,,1 NO INJURY,33 Q/C VERIFIED AS OFF-SYSTEM,0 NO,01 NOT AT INTERSECTION/RRX/BRIDGE,04 DARK-LIGHTED,01 CLEAR,01 DRY,01 LEVEL,1 STRAIGHT,"TWO-WAY, DIVIDED, UNPROTECTED","TWO-WAY, NOT DIVIDED",NO CONTROLS,NO CONTROLS,,NONE,NOT CODED,NOT CODED,NONE,NOT CODED,NOT CODED,14 MOTOR VEHICLE IN TRANSPORT,"04 SIDESWIPE, SAME DIRECTION",10 MAKING U-TURN,OPERATED MV IN CARLESS OR NEGL,NO CONTRIBUTING ACTION,00 NOT CODED,00 NOT CODED,00 NOT CODED,00 NOT CODED,01 NO,0,0,0,0,2,0,2,2,N,N,N,N,Y,N,N,N,N,N,Y,N,N,N,N,N,N,N,N,N,N,N,N,N,N,N,26.720868509,-80.087340427,590774.494273,2955844.570642,C,U,ARBM15Q1R2,"February 27, 2022",1303167,-8915282.253134165,3088641.6464616028
2015862915380,2015,862915380,20150017475,COUNTY SHERIFF'S OFFICE,04 FOURTH,PALM BEACH,"October 15, 2015",0702,FRIDAY,9394 WEST PALM BEACH,0694,Y,MILITARY TRL N,45TH ST,0.057,S,0,0,26.7588508,-80.1085259,93150000,5.594,03193,SR 809,,R RIGHT,3 THRU LANE 3,N NORTH,30 URBAN 6+LN 2WY DIVD RASD,03 STATE,01 NON-JUNCTION,01 ON ROADWAY,01 NOT AT INTERSECTION,03 CURB,37,"June 1, 2014",14 URBAN PRIN ART OTHER,36,PAVED,4,CURB&GUTTER,2,,0,30,35500,RCI,5.1,,45,1 NO INJURY,31 Q/C COMPLETED - LOC VERIFIED,0 NO,01 NOT AT INTERSECTION/RRX/BRIDGE,01 DAYLIGHT,02 CLOUDY,02 WET,01 LEVEL,1 STRAIGHT,"TWO-WAY, DIVIDED, POSITIVE MED","TWO-WAY, NOT DIVIDED",NO CONTROLS,NO CONTROLS,6,NONE,NOT CODED,NOT CODED,NONE,NOT CODED,NOT CODED,14 MOTOR VEHICLE IN TRANSPORT,01 FRONT TO REAR,01 STRAIGHT AHEAD,OPERATED MV IN CARLESS OR NEGL,NO CONTRIBUTING ACTION,00 NOT CODED,00 NOT CODED,00 NOT CODED,00 NOT CODED,01 NO,0,0,0,0,3,0,3,6,N,N,N,N,N,N,N,N,N,N,N,N,N,N,N,N,N,N,N,N,Y,N,N,N,N,N,26.758902675,-80.108510214,588639.316964,2960042.447058,R,,ARBM15Q1R2,"February 27, 2022",1303168,-8917638.86375891,3093382.5967606106
2015862915390,2015,862915390,20150017476,COUNTY SHERIFF'S OFFICE,04 FOURTH,PALM BEACH,"October 15, 2015",0701,FRIDAY,9394 WEST PALM BEACH,0694,Y,HERITAGE VILLAGE DR,71ST WAY,0.015,E,0,0,26.752988,-80.105994,93A06733,,,,,R RIGHT,S SIDE OF ROAD,S SOUTH,,05 LOCAL,01 NON-JUNCTION,01 ON ROADWAY,01 NOT AT INTERSECTION,03 CURB,0,"December 31, 2000",,,,0,,0,,0,,,RCI,0,,,1 NO INJURY,33 Q/C VERIFIED AS OFF-SYSTEM,0 NO,01 NOT AT INTERSECTION/RRX/BRIDGE,03 DAWN,03 RAIN,02 WET,01 LEVEL,2 CURVE RIGHT,"TWO-WAY, NOT DIVIDED",,NO CONTROLS,NOT CODED,,NONE,NOT CODED,NOT CODED,NONE,NOT CODED,NOT CODED,24 CURB,77 OTHER (SEE NARRATIVE),01 STRAIGHT AHEAD,OPERATED MV IN CARLESS OR NEGL,NOT CODED,00 NOT CODED,00 NOT CODED,00 NOT CODED,00 NOT CODED,01 NO,0,0,0,0,1,0,1,1,N,N,N,N,Y,N,N,N,N,N,N,N,N,N,N,N,N,N,N,N,N,N,N,N,N,N,26.752987993,-80.105994005,588894.113792,2959389.071786,C,U,ARBM15Q1R2,"February 27, 2022",1303169,-8917358.76063137,3092645.22877659
2015862912710,2015,862912710,20150016486,COUNTY SHERIFF'S OFFICE,04 FOURTH,PALM BEACH,"September 28, 2015",1410,TUESDAY,9394 WEST PALM BEACH,0694,Y,N AUSTRALIAN AVE,N AUSTRALIAN AVE,0.05,N,0,0,26.74664,-80.06992,93025501,1.549,,,,M MEDIAN,M MIDDLE,S SOUTH,,04 COUNTY,01 NON-JUNCTION,01 ON ROADWAY,01 NOT AT INTERSECTION,03 CURB,0,"December 31, 2000",,,,0,,0,,0,,,RCI,0,,,3 NO-INCAPACITATING INJURY,33 Q/C VERIFIED AS OFF-SYSTEM,0 NO,01 NOT AT INTERSECTION/RRX/BRIDGE,01 DAYLIGHT,02 CLOUDY,01 DRY,01 LEVEL,1 STRAIGHT,"TWO-WAY, DIVIDED, POSITIVE MED",,NO CONTROLS,NOT CODED,,NONE,NOT CODED,NOT CODED,NONE,NOT CODED,NOT CODED,24 CURB,77 OTHER (SEE NARRATIVE),01 STRAIGHT AHEAD,OTHER CONTRIBUTING ACTION,NOT CODED,00 NOT CODED,00 NOT CODED,00 NOT CODED,00 NOT CODED,01 NO,1,0,0,0,1,0,1,1,N,N,N,N,Y,N,N,N,N,N,N,N,N,N,N,N,N,N,N,N,N,Y,N,N,N,Y,26.746639309,-80.069922498,592486.152076,2958711.570039,R,U,ARBM15Q1R2,"February 27, 2022",1303171,-8913343.297664063,3091853.7977032657
2015862915280,2015,862915280,20150017450,COUNTY SHERIFF'S OFFICE,04 FOURTH,PALM BEACH,"October 14, 2015",1455,THURSDAY,9394 WEST PALM BEACH,0694,Y,DIXIE HWY S,MONROE DR,0.009,N,0,0,26.6797969,-80.0546242,93050000,6.118,00601,SR 805,US 1,L LEFT,S SIDE OF ROAD,S SOUTH,22 URBAN 4-5LN 2WY UNDIVD,02 U.S.,01 NON-JUNCTION,01 ON ROADWAY,01 NOT AT INTERSECTION,01 PAVED,36,"June 3, 2014",16 URBAN MINOR ART,44,PAVED,7,CURB&GUTTER,2,,0,,16800,RCI,2.3,,35,1 NO INJURY,31 Q/C COMPLETED - LOC VERIFIED,0 NO,13 PUBLIC BUS STOP ZONE,01 DAYLIGHT,02 CLOUDY,01 DRY,01 LEVEL,1 STRAIGHT,"TWO-WAY, NOT DIVIDED",,NO CONTROLS,NOT CODED,4,NONE,NOT CODED,NOT CODED,NONE,NOT CODED,NOT CODED,33 UTILITY POLE/LIGHT SUPPORT,03 ANGLE,01 STRAIGHT AHEAD,OPERATED MV IN CARLESS OR NEGL,NOT CODED,00 NOT CODED,00 NOT CODED,00 NOT CODED,00 NOT CODED,01 NO,0,0,0,0,1,0,1,1,N,N,Y,N,Y,N,N,N,N,N,N,N,N,N,N,N,N,N,N,N,N,N,N,N,N,N,26.679780434,-80.054615469,594063.286162,2951317.243152,C,,ARBM15Q1R2,"February 27, 2022",1303172,-8911639.326189809,3083521.8072056356
2015862915300,2015,862915300,20150017454,COUNTY SHERIFF'S OFFICE,04 FOURTH,PALM BEACH,"October 14, 2015",1652,THURSDAY,9394 WEST PALM BEACH,0694,Y,GARDEN AVE,COLONIAL RD,0,E,0,0,26.659648,-80.060333,93A12675,0.411,,,,I INTERSECTION,M MIDDLE,W WEST,,05 LOCAL,02 INTERSECTION,01 ON ROADWAY,02 FOUR-WAY INTERSECTION,03 CURB,0,"December 31, 2000",,,,0,,0,,0,,,RCI,0,,,1 NO INJURY,33 Q/C VERIFIED AS OFF-SYSTEM,0 NO,02 AT INTERSECTION,01 DAYLIGHT,01 CLEAR,01 DRY,01 LEVEL,1 STRAIGHT,"TWO-WAY, NOT DIVIDED","TWO-WAY, NOT DIVIDED",NO CONTROLS,NO CONTROLS,,NONE,NOT CODED,NOT CODED,NONE,NOT CODED,NOT CODED,14 MOTOR VEHICLE IN TRANSPORT,03 ANGLE,10 MAKING U-TURN,OPERATED MV IN CARLESS OR NEGL,NO CONTRIBUTING ACTION,00 NOT CODED,00 NOT CODED,00 NOT CODED,00 NOT CODED,01 NO,0,0,0,0,2,0,2,2,N,N,N,Y,N,N,N,N,N,N,N,N,N,N,N,N,N,N,N,N,N,N,N,N,N,N,26.659648137,-80.060337211,593510.373322,2949083.124305,C,U,ARBM15Q1R2,"February 27, 2022",1303173,-8912276.267786631,3081013.866504083
2015862915340,2015,862915340,20150017462,COUNTY SHERIFF'S OFFICE,04 FOURTH,PALM BEACH,"October 14, 2015",1844,THURSDAY,9394 WEST PALM BEACH,0694,Y,N SAPODILLA AVE,4TH ST,0,E,0,0,26.717134,-80.058581,93A11518,0.178,,,,I INTERSECTION,M MIDDLE,W WEST,,05 LOCAL,02 INTERSECTION,01 ON ROADWAY,02 FOUR-WAY INTERSECTION,03 CURB,0,"December 31, 2000",,,,0,,0,,0,,,RCI,0,,,2 POSSIBLE INJURY,33 Q/C VERIFIED AS OFF-SYSTEM,0 NO,02 AT INTERSECTION,04 DARK-LIGHTED,01 CLEAR,01 DRY,01 LEVEL,1 STRAIGHT,"TWO-WAY, NOT DIVIDED",ONE-WAY TRAFFICWAY,STOP SIGN,NO CONTROLS,,NONE,NONE,NONE,NONE,NONE,NONE,14 MOTOR VEHICLE IN TRANSPORT,03 ANGLE,01 STRAIGHT AHEAD,FAILED TO YIELD RIGHT-OF-WAY,NO CONTRIBUTING ACTION,00 NOT CODED,00 NOT CODED,00 NOT CODED,00 NOT CODED,01 NO,1,0,0,0,2,0,2,3,N,N,N,Y,N,N,Y,N,N,N,N,Y,N,N,N,N,N,N,N,N,N,N,N,N,N,N,26.717133967,-80.058577346,593638.521883,2955451.734675,O,U,ARBM15Q1R2,"February 27, 2022",1303174,-8912080.36062594,3088176.222210332
2015862912580,2015,862912580,20150016420,COUNTY SHERIFF'S OFFICE,04 FOURTH,PALM BEACH,"September 27, 2015",1158,MONDAY,9394 WEST PALM BEACH,0694,Y,S FLAGLER DR,ARKONA CT,0.006,S,0,0,26.699921,-80.05043,93000046,1.704,,,,L LEFT,1 THRU LANE 1,0,,05 LOCAL,01 NON-JUNCTION,01 ON ROADWAY,01 NOT AT INTERSECTION,03 CURB,0,"December 31, 2000",,,,0,,0,,0,,,RCI,0,,,1 NO INJURY,33 Q/C VERIFIED AS OFF-SYSTEM,0 NO,01 NOT AT INTERSECTION/RRX/BRIDGE,01 DAYLIGHT,01 CLEAR,01 DRY,00 NOT CODED,0 NOT CODED,NOT CODED,"TWO-WAY, NOT DIVIDED",NOT CODED,NO CONTROLS,,NONE,NOT CODED,NOT CODED,NONE,NOT CODED,NOT CODED,14 MOTOR VEHICLE IN TRANSPORT,03 ANGLE,00 NOT CODED,NOT CODED,OPERATED MV IN CARLESS OR NEGL,00 NOT CODED,00 NOT CODED,00 NOT CODED,00 NOT CODED,01 NO,0,0,0,0,1,0,2,1,N,N,N,N,N,N,N,N,N,N,N,N,N,N,N,N,N,N,N,N,N,N,N,N,N,N,26.699921233,-80.050427525,594463.390371,2953551.202488,C,U,ARBM15Q1R2,"February 27, 2022",1303176,-8911173.126337249,3086031.2500384618
2015862912590,2015,862912590,20150016421,COUNTY SHERIFF'S OFFICE,04 FOURTH,PALM BEACH,"September 27, 2015",1153,MONDAY,9394 WEST PALM BEACH,0694,Y,45TH ST,CORPORATE WAY,0,E,0,0,26.758844,-80.088676,93510000,1.229,,,,I INTERSECTION,M MIDDLE,W WEST,,05 LOCAL,02 INTERSECTION,01 ON ROADWAY,02 FOUR-WAY INTERSECTION,03 CURB,0,"December 31, 2000",,,,0,,0,,0,,,RCI,0,,,2 POSSIBLE INJURY,33 Q/C VERIFIED AS OFF-SYSTEM,0 NO,02 AT INTERSECTION,01 DAYLIGHT,01 CLEAR,01 DRY,01 LEVEL,1 STRAIGHT,"TWO-WAY, DIVIDED, POSITIVE MED","TWO-WAY, DIVIDED, POSITIVE MED",TRAFFIC CONTROL SIGNAL,TRAFFIC CONTROL SIGNAL,,NONE,NOT CODED,NOT CODED,NONE,NOT CODED,NOT CODED,14 MOTOR VEHICLE IN TRANSPORT,03 ANGLE,03 TURNING LEFT,FAILED TO YIELD RIGHT-OF-WAY,NO CONTRIBUTING ACTION,00 NOT CODED,00 NOT CODED,00 NOT CODED,00 NOT CODED,01 NO,1,0,0,0,2,0,2,3,N,N,N,Y,N,N,N,N,N,N,N,N,N,N,N,N,N,N,N,N,N,N,N,N,N,N,26.758844983,-80.08867593,590611.550373,2960050.027675,R,U,ARBM15Q1R2,"February 27, 2022",1303177,-8915430.920808988,3093375.404200775
2015851361600,2015,851361600,FHPL15OFF069881,FLORIDA HIGHWAY PATROL,04 FOURTH,PALM BEACH,"November 1, 2015",1620,MONDAY,9394 WEST PALM BEACH,0694,N,I 95,BELVEDERE RD,0.076,S,26.6779566,-80.0700399,26.6894353,-80.0686368,93220157,0.076,01207,SR 9,I 95,L LEFT,X RAMP,S SOUTH,07 RAMP URBAN,01 INTERSTATE,14 ENTRANCE/EXIT RAMP,01 ON ROADWAY,01 NOT AT INTERSECTION,01 PAVED,0,"December 31, 2000",,24,PAVED,12,LAWN,12,,0,,11500,RCI,5.9,,,1 NO INJURY,31 Q/C COMPLETED - LOC VERIFIED,0 NO,07 ENTRANCE RAMP,01 DAYLIGHT,01 CLEAR,01 DRY,01 LEVEL,1 STRAIGHT,"TWO-WAY, DIVIDED, POSITIVE MED","TWO-WAY, DIVIDED, POSITIVE MED",NO CONTROLS,NO CONTROLS,2,NONE,NOT CODED,NOT CODED,NONE,NOT CODED,NOT CODED,14 MOTOR VEHICLE IN TRANSPORT,01 FRONT TO REAR,06 CHANGING LANES,FAILED TO YIELD RIGHT-OF-WAY,NO CONTRIBUTING ACTION,00 NOT CODED,00 NOT CODED,00 NOT CODED,00 NOT CODED,01 NO,0,0,0,0,2,0,2,3,N,N,N,N,N,N,N,N,N,N,N,N,N,N,N,N,N,N,N,N,N,N,N,N,N,N,26.689427127,-80.068632753,592660.727981,2952375.482784,O,,ARBM15Q1R2,"February 27, 2022",1303203,-8913199.723649008,3084723.6815029336