Crash Id,Calendar Year,FDOT Crash Number,Reporting Agency Case Number,Reporting Agency Type,FDOT Managing District,County Name,Crash Date,Crash Time,Day,DHSMV City,Crash Report City Code,In Town,On Roadway Name,Int Roadway Name,Reference Distance (Miles),Reference Direction,Officer Latitude,Officer Longitude,FDOT Latitude,FDOT Longitude,FDOT Roadway,Nearest Inventory MP,Nearest Node From Crash,State Road #,US Highway,Crash Side of Road,Accident Lane Number,Travel Direction Vehicle 1,FDOT Road Category,DHSMV Road System Id,Relation to Junction,Crash Harmful Event Location,Intersection Type,Shoulder Type,FDOT Roadway SKID Test Result,FDOT Roadway SKID Test Date,Functional Class,RCI Surface Width,RCI Shoulder Type First,RCI Shoulder Width First,RCI Shoulder Type Second,RCI Shoulder Width Second,RCI Shoulder Type Third,RCI Shoulder Width Third,RCI Median Width,Avg Daily Traffic,AADT Source,RCI Avg Per Truck Traffic,RCI Horiz Curve Condition,Posted Speed Limit,Highest Injury in Crash,CAR Status Code,Alcohols/Drug Involved,Site Location,Lighting,Weather,Road Surface,Roadway Grade,Roadway Alignment,Traffic Way Vehicle 1,Traffic Way Vehicle 2,Traffic Control Vehicle 1,Traffic Control Vehicle 2,Count of Lanes,Road Condition 1,Road Condition 2,Road Condition 3,Environment Condition 1,Environment Condition 2,Environment Condition 3,Crash Harmful Event,Manner of Collision,Vehicle Movement,Driver Action Vehicle 1,Driver Action Vehicle 2,Location Within Workzone,Type of Workzone,Workers Present in Workzone,Law Enforcement Present in Workzone,School Bus Related,Count of Nonfatal Injuries,Count of Traffic Fatalities,Count of Serious Injuries,Count of Pedestrians,Count of Drivers,Count of Bicyclists,Count of Vehicles,Count of Persons,Wrong Way,Workzone Inv,Commercial Vehicle Inv,Intersection Inv,Lane Departure,Speeding,Agressive Driving,Impaired Driver,Impaired Pedestrian,Impaired Bicyclist,Distracted Driver,Speeding or Aggressive Driving,Pedestrian Related,Bicyclist Related,Pedestrian or Bicyclist Related,Motorcycle Inv,No Belt,No Belt - Ages 1-4,No Belt - Ages 5-12,No Belt - Ages 13-17,Driver - Ages Teen,Driver - Ages 65 plus,Driver - Ages 65-69,Driver - Ages 70-74,Driver - Ages 75-79,Driver - Ages 80 plus,ARBM Latitude,ARBM Longitude,UTM Zone 17N X,UTM Zone 17N Y,ARBM Side of Road,Urban Rural Indicator,GIS Street Source,Extract Date,OBJECTID,x,y
2015862920590,2015,862920590,20150019350,COUNTY SHERIFF'S OFFICE,04 FOURTH,PALM BEACH,"November 14, 2015",0636,SUNDAY,9394 WEST PALM BEACH,0694,Y,SOUTHERN BLVD,PASEO ANDALUSIA,0.009,W,0,0,26.6759896,-80.0667517,93120000,20.138,00372,SR 80,US 98,M MEDIAN,M MIDDLE,W WEST,30 URBAN 6+LN 2WY DIVD RASD,05 LOCAL,77 OTHER (SEE NARRATIVE),02 OFF ROADWAY,77 OTHER (SEE NARRATIVE),01 PAVED,37,"June 1, 2015",14 URBAN PRIN ART OTHER,22,PAVED,4,CURB&GUTTER,2,,0,54,32500,RCI,4.5,,35,1 NO INJURY,31 Q/C COMPLETED - LOC VERIFIED,0 NO,03 INFLUENCED BY INTERSECTION,03 DAWN,01 CLEAR,01 DRY,02 HILLCREST,1 STRAIGHT,"TWO-WAY, DIVIDED, POSITIVE MED",,NO CONTROLS,NOT CODED,5,NONE,NOT CODED,NOT CODED,NONE,NOT CODED,NOT CODED,34 TRAFFIC SIGN SUPPORT,77 OTHER (SEE NARRATIVE),01 STRAIGHT AHEAD,RAN OFF ROADWAY,NOT CODED,00 NOT CODED,00 NOT CODED,00 NOT CODED,00 NOT CODED,01 NO,0,0,0,0,1,0,1,1,N,N,N,Y,N,N,N,N,N,N,N,N,N,N,N,N,N,N,N,N,Y,N,N,N,N,N,26.675986212,-80.066891203,592844.890532,2950887.992316,R,,ARBM15Q1R2,"February 27, 2022",1304265,-8913005.85519573,3083049.1155678057
2015862923320,2015,862923320,20150020356,COUNTY SHERIFF'S OFFICE,04 FOURTH,PALM BEACH,"November 29, 2015",1951,MONDAY,9394 WEST PALM BEACH,0694,Y,I 95,FOREST HILL BLVD,0,,0,0,26.6550817,-80.0702448,93220049,0,01665,SR 9,I 95,L LEFT,X RAMP,E EAST,07 RAMP URBAN,05 LOCAL,02 INTERSECTION,01 ON ROADWAY,02 FOUR-WAY INTERSECTION,03 CURB,0,"December 31, 2000",,23,CURB&GUTTER,2,,0,,0,,11000,RCI,4,,,2 POSSIBLE INJURY,31 Q/C COMPLETED - LOC VERIFIED,0 NO,07 ENTRANCE RAMP,04 DARK-LIGHTED,01 CLEAR,01 DRY,01 LEVEL,1 STRAIGHT,"TWO-WAY, DIVIDED, POSITIVE MED","TWO-WAY, DIVIDED, POSITIVE MED",TRAFFIC CONTROL SIGNAL,TRAFFIC CONTROL SIGNAL,1,NONE,NOT CODED,NOT CODED,NONE,NOT CODED,NOT CODED,14 MOTOR VEHICLE IN TRANSPORT,03 ANGLE,01 STRAIGHT AHEAD,OPERATED MV IN CARLESS OR NEGL,NO CONTRIBUTING ACTION,00 NOT CODED,00 NOT CODED,00 NOT CODED,00 NOT CODED,01 NO,2,0,0,0,2,0,2,3,N,N,N,N,N,N,N,N,N,N,N,N,N,N,N,N,N,N,N,N,N,N,N,N,N,N,26.655093897,-80.070237899,592528.7287,2948571.4718,O,,ARBM15Q1R2,"February 27, 2022",1304266,-8913378.407644898,3080446.592533947
2015862923330,2015,862923330,20150020362,COUNTY SHERIFF'S OFFICE,04 FOURTH,PALM BEACH,"November 29, 2015",2135,MONDAY,9394 WEST PALM BEACH,0694,Y,OKEECHOBEE BLVD,I 95,0.189,E,0,0,26.7058601,-80.0727562,93280000,7.909,01757,SR 704,,L LEFT,1 THRU LANE 1,W WEST,30 URBAN 6+LN 2WY DIVD RASD,04 COUNTY,01 NON-JUNCTION,01 ON ROADWAY,01 NOT AT INTERSECTION,01 PAVED,32,"June 2, 2014",14 URBAN PRIN ART OTHER,35,PAVED,5,CURB&GUTTER,2,,0,18,65000,RCI,5.7,,45,3 NO-INCAPACITATING INJURY,31 Q/C COMPLETED - LOC VERIFIED,0 NO,01 NOT AT INTERSECTION/RRX/BRIDGE,04 DARK-LIGHTED,01 CLEAR,01 DRY,01 LEVEL,1 STRAIGHT,"TWO-WAY, DIVIDED, POSITIVE MED","TWO-WAY, DIVIDED, POSITIVE MED",NO CONTROLS,NO CONTROLS,6,NONE,NOT CODED,NOT CODED,NONE,NOT CODED,NOT CODED,14 MOTOR VEHICLE IN TRANSPORT,01 FRONT TO REAR,01 STRAIGHT AHEAD,NO CONTRIBUTING ACTION,NO CONTRIBUTING ACTION,00 NOT CODED,00 NOT CODED,00 NOT CODED,00 NOT CODED,01 NO,1,0,0,0,3,0,3,5,N,N,N,N,N,N,N,N,N,N,N,N,N,N,N,N,N,N,N,N,N,N,N,N,N,N,26.705984799,-80.072506657,592261.957566,2954206.654609,L,,ARBM15Q1R2,"February 27, 2022",1304267,-8913630.964871077,3086786.8267772375
2015862923340,2015,862923340,20150020368,COUNTY SHERIFF'S OFFICE,04 FOURTH,PALM BEACH,"November 30, 2015",0045,TUESDAY,9394 WEST PALM BEACH,0694,Y,PALM BEACH LAKES BLVD,OKEECHOBEE BLVD,0.009,E,0,0,26.7066804,-80.1002534,93280000,6.21,03983,SR 704,,T SIDE RD LEFT,L LEFT TURN,0,30 URBAN 6+LN 2WY DIVD RASD,05 LOCAL,02 INTERSECTION,01 ON ROADWAY,02 FOUR-WAY INTERSECTION,03 CURB,31,"June 2, 2014",14 URBAN PRIN ART OTHER,33,PAVED,3,CURB&GUTTER,2,,0,29,69000,RCI,3.6,,45,1 NO INJURY,31 Q/C COMPLETED - LOC VERIFIED,0 NO,02 AT INTERSECTION,04 DARK-LIGHTED,01 CLEAR,01 DRY,00 NOT CODED,0 NOT CODED,NOT CODED,"TWO-WAY, DIVIDED, POSITIVE MED",NOT CODED,TRAFFIC CONTROL SIGNAL,7,NONE,NONE,NONE,NONE,NONE,NONE,14 MOTOR VEHICLE IN TRANSPORT,01 FRONT TO REAR,00 NOT CODED,NOT CODED,NO CONTRIBUTING ACTION,00 NOT CODED,00 NOT CODED,00 NOT CODED,00 NOT CODED,01 NO,0,0,0,0,1,0,2,2,N,N,N,Y,N,N,N,N,N,N,N,N,N,N,N,N,N,N,N,N,N,N,N,N,N,N,26.70681873,-80.100106552,589515.68154,2954279.344219,L,,ARBM15Q1R2,"February 27, 2022",1304268,-8916703.372100355,3086890.745410273
2015862923350,2015,862923350,20150020373,COUNTY SHERIFF'S OFFICE,04 FOURTH,PALM BEACH,"November 30, 2015",0741,TUESDAY,9394 WEST PALM BEACH,0694,Y,BELVEDERE RD,PARKER AVE,0.015,E,0,0,26.690519,-80.062321,93503501,0.463,,,,L LEFT,2 THRU LANE 2,W WEST,,05 LOCAL,01 NON-JUNCTION,01 ON ROADWAY,01 NOT AT INTERSECTION,03 CURB,0,"December 31, 2000",,,,0,,0,,0,,,RCI,0,,,1 NO INJURY,33 Q/C VERIFIED AS OFF-SYSTEM,0 NO,01 NOT AT INTERSECTION/RRX/BRIDGE,01 DAYLIGHT,01 CLEAR,01 DRY,01 LEVEL,1 STRAIGHT,"TWO-WAY, NOT DIVIDED","TWO-WAY, NOT DIVIDED",NO CONTROLS,NO CONTROLS,,NONE,NOT CODED,NOT CODED,NONE,NOT CODED,NOT CODED,14 MOTOR VEHICLE IN TRANSPORT,01 FRONT TO REAR,01 STRAIGHT AHEAD,OPERATED MV IN CARLESS OR NEGL,NO CONTRIBUTING ACTION,00 NOT CODED,00 NOT CODED,00 NOT CODED,00 NOT CODED,01 NO,0,0,0,0,3,0,3,3,N,N,N,N,N,N,N,N,N,N,N,N,N,N,N,N,N,N,N,N,Y,N,N,N,N,N,26.690520431,-80.062320967,593287.824159,2952501.181661,C,U,ARBM15Q1R2,"February 27, 2022",1304269,-8912497.098572783,3084859.901872033
2015862923380,2015,862923380,20150020394,COUNTY SHERIFF'S OFFICE,04 FOURTH,PALM BEACH,"November 30, 2015",1344,TUESDAY,9394 WEST PALM BEACH,0694,Y,OKEECHOBEE BLVD,SR 7,0.009,E,0,0,26.7092082,-80.2006316,93280000,0.009,00491,SR 704,,L LEFT,1 THRU LANE 1,0,33 SUBURBAN 6+LN 2WY DIVD RASD,03 STATE,01 NON-JUNCTION,01 ON ROADWAY,01 NOT AT INTERSECTION,03 CURB,41,"June 2, 2014",14 URBAN PRIN ART OTHER,48,PAVED,5,LAWN,12,,0,35,52000,RCI,7.2,,50,2 POSSIBLE INJURY,31 Q/C COMPLETED - LOC VERIFIED,0 NO,02 AT INTERSECTION,01 DAYLIGHT,01 CLEAR,01 DRY,00 NOT CODED,0 NOT CODED,NOT CODED,"TWO-WAY, DIVIDED, POSITIVE MED",NOT CODED,NO CONTROLS,8,NONE,NOT CODED,NOT CODED,NONE,NOT CODED,NOT CODED,14 MOTOR VEHICLE IN TRANSPORT,01 FRONT TO REAR,00 NOT CODED,NOT CODED,NO CONTRIBUTING ACTION,00 NOT CODED,00 NOT CODED,00 NOT CODED,00 NOT CODED,01 NO,1,0,0,0,1,0,2,1,N,N,N,Y,N,N,N,N,N,N,N,N,N,N,N,N,N,N,N,N,N,Y,N,N,N,Y,26.709399234,-80.200861188,579491.044088,2954498.370812,L,,ARBM15Q1R2,"February 27, 2022",1304270,-8927919.330066105,3087212.3145632884
2015862923390,2015,862923390,20150020401,COUNTY SHERIFF'S OFFICE,04 FOURTH,PALM BEACH,"November 30, 2015",1554,TUESDAY,9394 WEST PALM BEACH,0694,Y,CLEMATIS ST,S ROSEMARY AVE,0.019,E,0,0,26.71344,-80.056723,93900003,0.322,,,,L LEFT,1 THRU LANE 1,W WEST,,05 LOCAL,01 NON-JUNCTION,01 ON ROADWAY,01 NOT AT INTERSECTION,03 CURB,0,"December 31, 2000",,,,0,,0,,0,,,RCI,0,,,1 NO INJURY,33 Q/C VERIFIED AS OFF-SYSTEM,0 NO,01 NOT AT INTERSECTION/RRX/BRIDGE,01 DAYLIGHT,01 CLEAR,01 DRY,01 LEVEL,1 STRAIGHT,"TWO-WAY, NOT DIVIDED","TWO-WAY, NOT DIVIDED",NO CONTROLS,NO CONTROLS,,NONE,NOT CODED,NOT CODED,NONE,NOT CODED,NOT CODED,14 MOTOR VEHICLE IN TRANSPORT,01 FRONT TO REAR,17 ENTERING TRAFFIC LANE,FAILED TO YIELD RIGHT-OF-WAY,NO CONTRIBUTING ACTION,00 NOT CODED,00 NOT CODED,00 NOT CODED,00 NOT CODED,01 NO,0,0,0,0,2,0,2,2,N,N,N,N,N,N,N,N,N,N,N,N,N,N,N,N,N,N,N,N,N,N,N,N,N,N,26.713436333,-80.056723131,593825.992776,2955043.534873,C,U,ARBM15Q1R2,"February 27, 2022",1304271,-8911873.950237025,3087715.4126766273
2015862923450,2015,862923450,20150020415,COUNTY SHERIFF'S OFFICE,04 FOURTH,PALM BEACH,"November 30, 2015",1925,TUESDAY,9394 WEST PALM BEACH,0694,Y,W EXECUTIVE CENTER DR,W EXECUTIVE CENTER DR,0.019,W,0,0,26.715923,-80.081935,93A11288,0.517,,,,R RIGHT,1 THRU LANE 1,E EAST,,05 LOCAL,01 NON-JUNCTION,01 ON ROADWAY,01 NOT AT INTERSECTION,01 PAVED,0,"December 31, 2000",,,,0,,0,,0,,,RCI,0,,,1 NO INJURY,33 Q/C VERIFIED AS OFF-SYSTEM,0 NO,01 NOT AT INTERSECTION/RRX/BRIDGE,04 DARK-LIGHTED,02 CLOUDY,01 DRY,00 NOT CODED,0 NOT CODED,NOT CODED,"TWO-WAY, NOT DIVIDED",NOT CODED,NO CONTROLS,,NONE,NOT CODED,NOT CODED,NONE,NOT CODED,NOT CODED,14 MOTOR VEHICLE IN TRANSPORT,01 FRONT TO REAR,00 NOT CODED,NOT CODED,NO CONTRIBUTING ACTION,00 NOT CODED,00 NOT CODED,00 NOT CODED,00 NOT CODED,01 NO,0,0,0,0,1,0,2,2,N,N,N,N,N,N,N,N,N,N,N,N,N,N,N,N,N,N,N,N,N,N,N,N,N,N,26.715924594,-80.081933965,591316.202027,2955300.829635,C,U,ARBM15Q1R2,"February 27, 2022",1304272,-8914680.408393323,3088025.5050351047
2015862926020,2015,862926020,20150021322,COUNTY SHERIFF'S OFFICE,04 FOURTH,PALM BEACH,"December 15, 2015",1305,WEDNESDAY,9394 WEST PALM BEACH,0694,Y,OKEECHOBEE BLVD,QUADRILLE BLVD S,0,,0,0,26.7054881,-80.0548517,93280000,9.021,01774,SR 704,,R RIGHT,1 THRU LANE 1,E EAST,40 URBAN ONE WAY,03 STATE,02 INTERSECTION,01 ON ROADWAY,01 NOT AT INTERSECTION,03 CURB,40,"June 2, 2014",14 URBAN PRIN ART OTHER,46,CURB&GUTTER,2,,0,,0,,19000,RCI,5.5,,35,1 NO INJURY,31 Q/C COMPLETED - LOC VERIFIED,0 NO,02 AT INTERSECTION,01 DAYLIGHT,02 CLOUDY,01 DRY,01 LEVEL,1 STRAIGHT,"TWO-WAY, DIVIDED, POSITIVE MED","TWO-WAY, DIVIDED, POSITIVE MED",TRAFFIC CONTROL SIGNAL,TRAFFIC CONTROL SIGNAL,4,NONE,NOT CODED,NOT CODED,NONE,NOT CODED,NOT CODED,14 MOTOR VEHICLE IN TRANSPORT,"04 SIDESWIPE, SAME DIRECTION",06 CHANGING LANES,FAILED TO YIELD RIGHT-OF-WAY,NO CONTRIBUTING ACTION,00 NOT CODED,00 NOT CODED,00 NOT CODED,00 NOT CODED,01 NO,0,0,0,0,2,0,2,2,N,N,N,Y,N,N,N,N,N,N,N,N,N,N,N,N,N,N,N,N,N,Y,Y,N,N,N,26.705475075,-80.054873906,594016.480306,2954163.079346,O,,ARBM15Q1R2,"February 27, 2022",1304273,-8911668.095420076,3086723.308921875
2015857671090,2015,857671090,20150002541,COUNTY SHERIFF'S OFFICE,04 FOURTH,PALM BEACH,"February 12, 2015",1251,FRIDAY,9394 WEST PALM BEACH,0694,Y,DIXIE HWY S,PEMBROKE PL,0,,0,0,26.7047261,-80.0537727,93020001,1.361,00695,SR 5,US 1,R RIGHT,1 THRU LANE 1,W WEST,11 URBAN 2-3LN 2WY DIVD PAVD,02 U.S.,01 NON-JUNCTION,01 ON ROADWAY,03 T-INTERSECTION,03 CURB,37,"June 2, 2008",16 URBAN MINOR ART,21,CURB&GUTTER,2,,0,,0,11,15400,RCI,5.3,,35,1 NO INJURY,31 Q/C COMPLETED - LOC VERIFIED,0 NO,02 AT INTERSECTION,01 DAYLIGHT,01 CLEAR,01 DRY,01 LEVEL,1 STRAIGHT,"TWO-WAY, DIVIDED, UNPROTECTED","TWO-WAY, DIVIDED, UNPROTECTED",NO CONTROLS,NO CONTROLS,3,NONE,NOT CODED,NOT CODED,NONE,NOT CODED,NOT CODED,14 MOTOR VEHICLE IN TRANSPORT,03 ANGLE,03 TURNING LEFT,FAILED TO YIELD RIGHT-OF-WAY,NO CONTRIBUTING ACTION,00 NOT CODED,00 NOT CODED,00 NOT CODED,00 NOT CODED,01 NO,0,0,0,0,2,0,2,2,N,N,N,Y,N,N,N,N,N,N,N,N,N,N,N,N,N,N,N,N,N,N,N,N,N,N,26.704733909,-80.053756876,594128.212317,2954081.809454,C,,ARBM15Q1R2,"February 27, 2022",1304434,-8911543.748215236,3086630.9511115043
2015857683310,2015,857683310,20150006744,COUNTY SHERIFF'S OFFICE,04 FOURTH,PALM BEACH,"April 19, 2015",1238,MONDAY,9394 WEST PALM BEACH,0694,Y,BROADWAY,26TH ST,0.015,N,0,0,26.737496,-80.0567873,93020000,10.356,00750,SR 5,US 1,L LEFT,1 THRU LANE 1,S SOUTH,21 URBAN 4-5LN 2WY DIVD PAVD,05 LOCAL,01 NON-JUNCTION,01 ON ROADWAY,01 NOT AT INTERSECTION,03 CURB,41,"June 23, 2013",16 URBAN MINOR ART,22,CURB&GUTTER,2,,0,,0,16,18300,RCI,5.3,,35,1 NO INJURY,31 Q/C COMPLETED - LOC VERIFIED,0 NO,03 INFLUENCED BY INTERSECTION,01 DAYLIGHT,01 CLEAR,01 DRY,01 LEVEL,1 STRAIGHT,"TWO-WAY, DIVIDED, POSITIVE MED","TWO-WAY, DIVIDED, POSITIVE MED",NO CONTROLS,NO CONTROLS,4,NONE,NOT CODED,NOT CODED,NONE,NOT CODED,NOT CODED,14 MOTOR VEHICLE IN TRANSPORT,03 ANGLE,01 STRAIGHT AHEAD,OPERATED MV IN CARLESS OR NEGL,NO CONTRIBUTING ACTION,00 NOT CODED,00 NOT CODED,00 NOT CODED,00 NOT CODED,01 NO,0,0,0,0,2,0,2,2,N,N,N,Y,N,N,N,N,N,N,N,N,N,N,N,N,N,N,N,N,N,N,N,N,N,N,26.737440555,-80.056788469,593799.807699,2957702.287922,C,,ARBM15Q1R2,"February 27, 2022",1305178,-8911881.223749317,3090707.1534170103
2015862920560,2015,862920560,20150019333,COUNTY SHERIFF'S OFFICE,04 FOURTH,PALM BEACH,"November 13, 2015",2017,SATURDAY,9394 WEST PALM BEACH,0694,Y,US 1,BELVEDERE RD,0.028,N,0,0,26.6907263,-80.0543576,93020001,2.328,00727,SR 5,US 1,R RIGHT,2 THRU LANE 2,0,21 URBAN 4-5LN 2WY DIVD PAVD,04 COUNTY,03 INTERSECTION-RELATED,01 ON ROADWAY,01 NOT AT INTERSECTION,03 CURB,37,"June 2, 2008",16 URBAN MINOR ART,20,CURB&GUTTER,2,,0,,0,11,15400,RCI,5.3,,35,2 POSSIBLE INJURY,31 Q/C COMPLETED - LOC VERIFIED,0 NO,03 INFLUENCED BY INTERSECTION,04 DARK-LIGHTED,01 CLEAR,01 DRY,00 NOT CODED,0 NOT CODED,NOT CODED,"TWO-WAY, NOT DIVIDED",NOT CODED,NO CONTROLS,4,NONE,NOT CODED,NOT CODED,NONE,NOT CODED,NOT CODED,14 MOTOR VEHICLE IN TRANSPORT,03 ANGLE,00 NOT CODED,NOT CODED,NO CONTRIBUTING ACTION,00 NOT CODED,00 NOT CODED,00 NOT CODED,00 NOT CODED,01 NO,1,0,0,0,1,0,2,2,N,N,N,Y,N,N,N,N,N,N,N,N,N,N,N,N,N,N,N,N,N,Y,N,Y,N,N,26.690721455,-80.054355789,594080.14181,2952529.298594,C,,ARBM15Q1R2,"February 27, 2022",1305884,-8911610.41886426,3084884.9486700147
2015862920570,2015,862920570,20150019340,COUNTY SHERIFF'S OFFICE,04 FOURTH,PALM BEACH,"November 13, 2015",2231,SATURDAY,9394 WEST PALM BEACH,0694,Y,FOREST HILL BLVD,NORTON AVE,0,,0,0,26.6551073,-80.057806,93016000,9.118,03812,SR 882,,L LEFT,S SIDE OF ROAD,E EAST,21 URBAN 4-5LN 2WY DIVD PAVD,05 LOCAL,01 NON-JUNCTION,02 OFF ROADWAY,01 NOT AT INTERSECTION,01 PAVED,36,"June 1, 2015",16 URBAN MINOR ART,17,PAVED,1,RAISED CURB,0,,0,11,17600,RCI,4,,35,1 NO INJURY,31 Q/C COMPLETED - LOC VERIFIED,0 NO,02 AT INTERSECTION,04 DARK-LIGHTED,01 CLEAR,01 DRY,01 LEVEL,1 STRAIGHT,"TWO-WAY, NOT DIV, W/CONT LTURN",UNKNOWN,NO CONTROLS,NO CONTROLS,4,NONE,NOT CODED,NOT CODED,NONE,NOT CODED,NOT CODED,15 PARKED MOTOR VEHICLE,77 OTHER (SEE NARRATIVE),03 TURNING LEFT,DROVE TOO FAST FOR CONDITIONS,NOT CODED,00 NOT CODED,00 NOT CODED,00 NOT CODED,00 NOT CODED,01 NO,0,0,0,0,1,0,3,2,N,N,N,Y,N,Y,N,N,N,N,N,Y,N,N,N,N,N,N,N,N,Y,N,N,N,N,N,26.655127206,-80.057797589,593766.811792,2948584.235627,C,,ARBM15Q1R2,"February 27, 2022",1305885,-8911993.558318416,3080450.7413738626
2015851303830,2015,851303830,FHPL15OFF071286,FLORIDA HIGHWAY PATROL,04 FOURTH,PALM BEACH,"November 7, 2015",0850,SUNDAY,9394 WEST PALM BEACH,0694,Y,I 95,PALM BEACH LAKES BLVD,0.004,S,26.7180349,-80.0899349,26.7180876,-80.0899595,93220068,0.004,04421,SR 9,I 95,L LEFT,X RAMP,S SOUTH,07 RAMP URBAN,01 INTERSTATE,14 ENTRANCE/EXIT RAMP,01 ON ROADWAY,01 NOT AT INTERSECTION,01 PAVED,0,"December 31, 2000",,14,PAVED,4,LAWN,12,,0,,12500,RCI,5.9,,,3 NO-INCAPACITATING INJURY,31 Q/C COMPLETED - LOC VERIFIED,0 NO,07 ENTRANCE RAMP,01 DAYLIGHT,02 CLOUDY,02 WET,01 LEVEL,2 CURVE RIGHT,ONE-WAY TRAFFICWAY,,NO CONTROLS,NOT CODED,1,NONE,NOT CODED,NOT CODED,NONE,NOT CODED,NOT CODED,"39 OTHER FIXED OBJECT (WALL, BUIL",77 OTHER (SEE NARRATIVE),05 TURNING RIGHT,OTHER CONTRIBUTING ACTION,NOT CODED,00 NOT CODED,00 NOT CODED,00 NOT CODED,00 NOT CODED,01 NO,1,0,0,0,1,0,1,1,N,N,N,N,Y,N,N,N,N,N,N,N,N,N,N,Y,N,N,N,N,N,N,N,N,N,N,26.718103973,-80.089969724,590515.154219,2955536.49116,O,,ARBM15Q1R2,"February 27, 2022",1377798,-8915574.945202222,3088297.1094788285
2015862924570,2015,862924570,20150020815,COUNTY SHERIFF'S OFFICE,04 FOURTH,PALM BEACH,"December 7, 2015",1848,TUESDAY,9394 WEST PALM BEACH,0694,Y,FOREST HILL BLVD,LAKE AVE,0.057,W,0,0,26.655266,-80.0631299,93016000,8.788,03137,SR 882,,R RIGHT,2 THRU LANE 2,W WEST,21 URBAN 4-5LN 2WY DIVD PAVD,04 COUNTY,01 NON-JUNCTION,01 ON ROADWAY,01 NOT AT INTERSECTION,03 CURB,36,"June 1, 2015",16 URBAN MINOR ART,17,PAVED,1,RAISED CURB,0,,0,11,17600,RCI,4,,35,2 POSSIBLE INJURY,31 Q/C COMPLETED - LOC VERIFIED,0 NO,01 NOT AT INTERSECTION/RRX/BRIDGE,02 DUSK,01 CLEAR,01 DRY,01 LEVEL,1 STRAIGHT,"TWO-WAY, NOT DIV, W/CONT LTURN","TWO-WAY, NOT DIV, W/CONT LTURN",NO CONTROLS,NO CONTROLS,4,OBSTRUCTION IN ROADWAY,NOT CODED,NOT CODED,NONE,NOT CODED,NOT CODED,15 PARKED MOTOR VEHICLE,01 FRONT TO REAR,01 STRAIGHT AHEAD,FOLLOWED TOO CLOSELY,OTHER CONTRIBUTING ACTION,00 NOT CODED,00 NOT CODED,00 NOT CODED,00 NOT CODED,01 NO,1,0,0,0,2,0,2,2,N,N,N,N,Y,N,N,N,N,N,N,N,N,N,N,N,N,N,N,N,N,N,N,N,N,N,26.655285088,-80.063123763,593236.600854,2948597.823107,C,,ARBM15Q1R2,"February 27, 2022",1379410,-8912586.46534384,3080470.406646229
2015848906270,2015,848906270,FHPL15OFF082244,FLORIDA HIGHWAY PATROL,04 FOURTH,PALM BEACH,"December 21, 2015",2055,TUESDAY,9394 WEST PALM BEACH,0694,N,I 95,PALM BEACH LAKES BLVD,0.028,S,26.7202347,-80.0880303,26.7189903,-80.0887286,93220070,0.19,04376,SR 9,I 95,R RIGHT,X RAMP,N NORTH,07 RAMP URBAN,01 INTERSTATE,01 NON-JUNCTION,01 ON ROADWAY,01 NOT AT INTERSECTION,01 PAVED,0,"December 31, 2000",,47,PAVED,10,LAWN,12,,0,,15000,RCI,5.9,,,1 NO INJURY,31 Q/C COMPLETED - LOC VERIFIED,0 NO,08 EXIT RAMP,04 DARK-LIGHTED,03 RAIN,02 WET,01 LEVEL,1 STRAIGHT,ONE-WAY TRAFFICWAY,ONE-WAY TRAFFICWAY,TRAFFIC CONTROL SIGNAL,TRAFFIC CONTROL SIGNAL,4,NONE,NOT CODED,NOT CODED,NONE,NOT CODED,NOT CODED,14 MOTOR VEHICLE IN TRANSPORT,01 FRONT TO REAR,01 STRAIGHT AHEAD,OTHER CONTRIBUTING ACTION,NO CONTRIBUTING ACTION,00 NOT CODED,00 NOT CODED,00 NOT CODED,00 NOT CODED,01 NO,0,0,0,0,2,0,2,2,N,N,N,N,N,N,N,N,N,N,N,N,N,N,N,N,N,N,N,N,N,N,N,N,N,N,26.71897346,-80.088738292,590636.954661,2955633.673681,O,,ARBM15Q1R2,"February 27, 2022",1380475,-8915437.86276095,3088405.470480076
2015859353660,2015,859353660,20150010523,COUNTY SHERIFF'S OFFICE,04 FOURTH,PALM BEACH,"June 19, 2015",2159,SATURDAY,9394 WEST PALM BEACH,0694,Y,DIXIE HWY S,BUNKER RD,0.009,S,0,0,26.66464,-80.0555433,93050000,5.071,00114,SR 805,US 1,R RIGHT,1 THRU LANE 1,N NORTH,22 URBAN 4-5LN 2WY UNDIVD,03 STATE,01 NON-JUNCTION,01 ON ROADWAY,01 NOT AT INTERSECTION,03 CURB,34,"June 3, 2014",16 URBAN MINOR ART,46,PAVED,7,CURB&GUTTER,2,,0,,17800,RCI,4.1,,35,2 POSSIBLE INJURY,31 Q/C COMPLETED - LOC VERIFIED,0 NO,03 INFLUENCED BY INTERSECTION,04 DARK-LIGHTED,01 CLEAR,01 DRY,01 LEVEL,1 STRAIGHT,"TWO-WAY, NOT DIVIDED","TWO-WAY, NOT DIVIDED",TRAFFIC CONTROL SIGNAL,TRAFFIC CONTROL SIGNAL,4,NONE,NOT CODED,NOT CODED,NONE,NOT CODED,NOT CODED,14 MOTOR VEHICLE IN TRANSPORT,01 FRONT TO REAR,01 STRAIGHT AHEAD,OPERATED MV IN CARLESS OR NEGL,NO CONTRIBUTING ACTION,00 NOT CODED,00 NOT CODED,00 NOT CODED,00 NOT CODED,01 NO,2,0,0,0,2,0,2,3,N,N,N,Y,N,N,N,N,N,N,Y,N,N,N,N,N,Y,N,N,N,N,N,N,N,N,N,26.664610566,-80.055539515,593983.774998,2949636.300372,C,,ARBM15Q1R2,"February 27, 2022",1380865,-8911742.1906242,3081632.010061719